START TRANSACTION;

USE `quiz`;


INSERT INTO `roles` (`id`, `role`) VALUES
(1, 'teacher'),
(2, 'student');



INSERT INTO `users` (`id`, `roleID`, `username`, `firstName`, `lastName`, `password`, `registerDate`, `avatar`) VALUES
(1, 1, 'pesho', 'Petyr', 'Petrov', '$2b$10$4rwzGQjZgL6qjpI88wPmL.AWID3SS05HrTSzpoStxtmyPy/6JY90.', '2020-11-04 18:53:45', '/static/media/1.db1546a0.png'),
(2, 1, 'gosho', 'Georgi', 'Georgiev', '$2b$10$T0Sa2etBy9pC4rX69Ahj6OshOzwsM5tQJ0nk3Vjq/iGinXiwkaxi6', '2020-11-04 18:50:38', '/static/media/2.b5703296.png'),
(3, 1, 'tosho', 'Todor', 'Todorov', '$2b$10$UINu0b5yEMTMkJe6SzfxuuMGaCAV6JEosFRWF52dFb3qJCSN9.N8i', '2020-11-04 18:55:38', '/static/media/3.00d92f05.png'),
(4, 1, 'kali', 'Kalina', 'Kalinova', '$2b$10$APcwnRkZHGZcklN/yvcvCuIeyIQzATgGfU3DaTjc84VRMGAp40XuS', '2020-11-16 19:29:50', '/static/media/4.cba81065.png'),
(5, 1, 'petya', 'Petya', 'Petyova', '$2b$10$ialpX.xqlJsm1jicNoayn.xl3ywNa5Rb5QJmPjbOxHbgChrRl/Wii', '2020-11-16 19:30:42', '/static/media/5.0f084a32.png'),
(6, 1, 'krasi', 'Krasimir', 'Krasimirov', '$2b$10$tp8pwec2jNiB.GXGslRCOOBFrOC1ZtW7SEp5UL5L7nIMH1jeeKLwS', '2020-11-16 19:31:09', '/static/media/6.718f2003.jpg'),
(7, 1, 'sara', 'Sara', 'Sarova', '$2b$10$zeOLI.zEFKN80U4/gbvyZ.bdlcXcYe08BrOi8OZk1PY3vS.pDTPAa', '2020-11-16 19:42:15', '/static/media/7.6d9699bc.png'),
(8, 1, 'vasko', 'Vasil', 'Vasilev', '$2b$10$YVjhE12wbTnhqdw8IA7Xs.isZgxqAHAuX3/2zhKtPdTddAIQ1snNu', '2020-11-16 19:31:31', '/static/media/8.ced28e9c.jpg'),
(9, 1, 'margi', 'Margarita', 'Margaritova', '$2b$10$K0qbtaIqclpsqWvJN5NIR.08niG0Xorub4h4pIMK6zQxagj4v7Kim', '2020-11-16 19:31:54', '/static/media/9.54a355ea.jpg'),
(10, 1, 'hrisi', 'Hristina', 'Hristinova', '$2b$10$zvrJ7znHqrRWcs.dxaPd9.6930X0Keo.o8lBsDGP796S1igtrFRwC', '2020-11-16 19:32:26', '/static/media/10.df0ce478.jpg'),
(11, 1, 'svetlyo', 'Svetoslav', 'Svetoslavov', '$2b$10$/YNPAcenu0g20OJMQUmIKOKNOmddfGsFFagn4WwSdSnDICuMU0zia', '2020-11-16 19:32:53', '/static/media/11.0c21e290.jpg'),
(12, 1, 'sasho', 'Aleksandyr', 'Aleksandrov', '$2b$10$1pmq0xXiqLtkaKkxe9pzVOg2NJqAK4UHdQVFg8MnZMlpE9duMwxIm', '2020-11-16 19:35:01', '/static/media/12.80679427.jpg'),
(13, 1, 'petko', 'Petko', 'Petkov', '$2b$10$adcgWi2aVPdHKuEtbzPJMOnK3FkgrSbYcJdZ.zHsC9ohag2ErWb0m', '2020-11-16 19:35:18', '/static/media/13.e7616939.jpg'),
(14, 1, 'ivan', 'Ivan', 'Ivanov', '$2b$10$03Zj9NGCiXAYbTjaSSCnBu9FIzL.3MGuWdOeeE3cbKvX8UnchNt2i', '2020-11-16 19:35:34', '/static/media/14.c2fcf0b6.jpg'),
(15, 1, 'sisi', 'Silviya', 'Silviova', '$2b$10$N9AIjgmwbvrryJoQvMu89OyJrNfSnB/H9escw87zYNzELJdK4M.vi', '2020-11-16 19:36:00', '/static/media/15.1393d283.jpg'),
(16, 1, 'dori', 'Dora', 'Dorova', '$2b$10$/.OVoTs2mpoSWDjWfjEp6u./qB6ZA90o2trLeZhTmfmtIEOXHb1Ta', '2020-11-16 19:36:30', '/static/media/16.73eba30e.jpg'),
(17, 1, 'vili', 'Violeta', 'Violetova', '$2b$10$IwPvyvHtw556BDkqV.fk6.FZjbMLzqVEgG0TbMT0qhKFu/f1b2CkS', '2020-11-16 19:36:52', '/static/media/17.ad93da2d.jpg'),
(18, 1, 'mark', 'Marko', 'Markov', '$2b$10$u75Hx4o0lIAkFLJzPgc1t.QvgGgVkntDZI.IyIJEcLPIFdtr8LP82', '2020-11-16 19:37:07', '/static/media/18.4c9af73f.jpg'),
(19, 1, 'tina', 'Radostina', 'Radostinova', '$2b$10$ca5bM7fPS5OF0VC.YWlfGu2.nJ8x69omBrlhQkk59bG6osfQxGJGG', '2020-11-16 19:37:57', '/static/media/19.ac0a9272.jpg'),
(20, 1, 'tedi', 'Teodora', 'Teodorova', '$2b$10$qtDFrHL/kT/Q3UYtYT/BK.MmkYu8tYsg08M26e01wXN.mO887hA4q', '2020-11-16 19:38:16', '/static/media/20.c543c8fb.png'),
(21, 2, 'ico', 'Hristo', 'Hristov', '$2b$10$YaJayUrtm1JcKax2fHByp.RpzKEybyXkUVWVZW.PXID80uGv3oaxK', '2020-11-16 19:37:22', '/static/media/1.9df5147d.png'),
(22, 2, 'sami', 'Samuil', 'Samuilov', '$2b$10$D9o0l1.qUMz38EdsERwROeYnzMP.qIwYjZm0xX/A1s0QdLF5qNHuy', '2020-11-16 19:37:37', '/static/media/2.91ff2671.png'),
(23, 2, 'kara', 'Karolina', 'Karolinova', '$2b$10$IkcA7TIy58Kyj0uyOMV66eP.HBtRY105JjPEK5U3ROfUK.Af.h5I2', '2020-11-16 19:38:36', '/static/media/3.5a22821f.png'),
(24, 2, 'dido', 'Dido', 'Didov', '$2b$10$nTgLCmH6o1T.RbBQD16ZYeoLqRWbgl4NVZTW7ZrJDbTqX1zVWTY2y', '2020-11-16 19:38:56', '/static/media/4.8feebb02.png'),
(25, 2, 'dani', 'Daniel', 'Danielov', '$2b$10$LF2ZxikPQC62LByXNg81s.YLyftyNFKwjj1AzU0YdcgroPTMOI38q', '2020-11-16 19:39:17', '/static/media/5.450c843e.png'),
(26, 2, 'fori', 'Nikifor', 'Nikiforov', '$2b$10$DOAE./JziMgvU50./90lD.mKiB.lPqVtmLZA86er/EecaOR/EgH9u', '2020-11-16 19:39:38', '/static/media/6.ac16d7d0.png'),
(27, 2, 'viki', 'Viktor', 'Viktorov', '$2b$10$QjN/JyXBQeCU9Kv0AbMbMeAMYRUACfOmMtFzQWNNoJA2upcexkgDC', '2020-11-16 19:39:53', '/static/media/7.9354a63e.png'),
(28, 2, 'reni', 'Reni', 'Renova', '$2b$10$j9nV4oB6e8C2kEuklG5OluBw08a/FcIVNjKwfGQa8zG3I04aYS5CC', '2020-11-16 19:40:10', '/static/media/8.eafdff08.png'),
(29, 2, 'andi', 'Andrei', 'Andreev', '$2b$10$WjWy/4geGPuAsMgkw0AUDuqn7j.zBwcDquLOSHsruW5BwxHFIXmLq', '2020-11-16 19:40:26', '/static/media/9.3e9903d5.png'),
(30, 2, 'kolyo', 'Nikola', 'Nikolov', '$2b$10$FZuZAuzehbr.m.R/X1cpru7EJQDbHt35rPlzacdCnXZ0utpOPt0LW', '2020-11-16 19:40:47', '/static/media/10.decf6048.png'),
(31, 2, 'bobi', 'Boryana', 'Boryanova', '$2b$10$K3FHrKHp.KbpgMJ3zeMfuuDt.MxEBMNPt2F8AuV5QXzhLLC0AvdD.', '2020-11-16 19:41:03', '/static/media/1.9df5147d.png'),
(32, 2, 'borko', 'Borislav', 'Borislavov', '$2b$10$Db2s8Nkes4LSCbh029GBg.PDDebdNst6mdk1JXB9BY90NGUiwSgdO', '2020-11-16 19:41:21', '/static/media/10.decf6048.png'),
(33, 2, 'galya', 'Galya', 'Galova', '$2b$10$7.QGq8wcOl6fpEKsV9aZyuZjDiNkqan11tZ1QpoLybwTg6wn.b52a', '2020-11-16 19:41:43', '/static/media/3.5a22821f.png'),
(34, 2, 'roza', 'Roza', 'Rozova', '$2b$10$H4Av4eLJ8BifGI4iFRmO2OCzw1zFPuRYMi3fkS2/QeyLb1.xP1slC', '2020-11-16 19:42:00', '/static/media/4.8feebb02.png'),
(35, 2, 'sanya', 'Sanya', 'Sanyova', '$2b$10$zeOLI.zEFKN80U4/gbvyZ.bdlcXcYe08BrOi8OZk1PY3vS.pDTPAa', '2020-11-16 19:42:15', '/static/media/5.450c843e.png'),
(36, 2, 'lili', 'Lili', 'Lilova', '$2b$10$ctZjbQM4F9kVm5AEwQG0R.QrSHAGxnf3DGo0T80PaJvtzwCOaMXjq', '2020-11-16 19:45:24', '/static/media/6.ac16d7d0.png'),
(37, 2, 'geri', 'Gergana', 'Gerganova', '$2b$10$PDSqaU6Uh37CurpeUkUjOuUOi1c/8Ln2IlfC3r58wLvULfnfvRcSW', '2020-11-16 19:45:45', '/static/media/7.9354a63e.png'),
(38, 2, 'alek', 'Alek', 'Alekov', '$2b$10$nH1xNBySW5RYT9XGjrowxeY92SAHexdax07T37M8ZiiBrmfXAtV4S', '2020-11-16 19:46:06', '/static/media/8.eafdff08.png'),
(39, 2, 'lora', 'Lora', 'Lorova', '$2b$10$j6Q0hPb2AHjrC.iesVntE.AIcHkT3V749o2Wo0QpVEaE9Xvlg5qDu', '2020-11-16 19:46:18', '/static/media/9.3e9903d5.png'),
(40, 2, 'paco', 'Plamen', 'Plamenov', '$2b$10$X/ZGu7SuP16bHAHEuUcmLOtGnI.y77nK.B9.iN7HubAQsCYSsJO2W', '2020-11-16 19:46:35', '/static/media/10.decf6048.png'),
(41, 2, 'pano', 'Panayot', 'Panayotov', '$2b$10$MztoqxOTXAxoFHKdjU7TquhHwURzAJP2PBIzh3NcH1PB1OOns0wsG', '2020-11-16 19:46:56', '/static/media/1.9df5147d.png'),
(42, 2, 'riko', 'Rikardo', 'Rikardov', '$2b$10$T5Gf2wzURvZ9JW3lrJrIgOBzl.rqYLdfyHfzpeJnQjo8b8.m8Wj9C', '2020-11-16 19:47:14', '/static/media/2.91ff2671.png'),
(43, 2, 'erik', 'Erik', 'Erikov', '$2b$10$LXdnrXfdmDx2ah.ffSyC0Oo1.fEhIGNG5HmWNWj8/SY9U4eBcjHNK', '2020-11-16 19:47:27', '/static/media/3.5a22821f.png'),
(44, 2, 'veri', 'Veronika', 'Veronova', '$2b$10$EyP174ddEW6oFYPyO07k/.0yaJfhITAQQT3sc7J.sXz6PMZOrXAnq', '2020-11-16 19:47:57', '/static/media/4.8feebb02.png'),
(45, 2, 'toni', 'Anton', 'Antonov', '$2b$10$rV3nXtFAlKcZwaImhUBPIO10HUVgcl39DqlrcVBuym4qxKOEBPjEC', '2020-11-16 19:48:14', '/static/media/5.450c843e.png'),
(46, 2, 'bogi', 'Bogdan', 'Bogdanov', '$2b$10$6tSBdVyKGF31We9B4xSWRuStqVsx0STxAhoIyrU72gAQ7sBqHEw3i', '2020-11-16 19:48:41', '/static/media/6.ac16d7d0.png'),
(47, 2, 'simo', 'Simeon', 'Simeonov', '$2b$10$7PLl6PwkKPfxzbw2AZIZFOKRhnFhj72izHcSgeyFYQFLOwSG0F9Ky', '2020-11-16 19:48:57', '/static/media/7.9354a63e.png'),
(48, 2, 'olga', 'Olga', 'Olgova', '$2b$10$TToNsRhYWFuAGfA2vMWZ8OTG4yA1R0AU45luwNWQ/SJfmJ3O/gJlS', '2020-11-16 19:49:14', '/static/media/8.eafdff08.png'),
(49, 2, 'poli', 'Polina', 'Polinova', '$2b$10$Fd/KlgmGVGxzJak1/hPQgeXfGj9XaTexvEP5iftar.GPoTGKgy.2.', '2020-11-16 19:49:28', '/static/media/9.3e9903d5.png'),
(50, 2, 'nora', 'Nora', 'Norova', '$2b$10$XDCeLimOBYWAh1d.ovwS0.yCW4I1s/wOz6G5QfFaJ3oSscKlylhMa', '2020-11-16 19:49:45', '/static/media/10.decf6048.png'),
(51, 2, 'kiro', 'Kiril', 'Kirilov', '$2b$10$XrpQiYCePkp6izEx5DOrIeimQMDrQAs2eXW39dQyzpwGVMujbP/4e', '2020-11-16 19:50:19', '/static/media/1.9df5147d.png'),
(52, 2, 'blago', 'Blagoy', 'Blagoev', '$2b$10$kGg6GAYns8ubz0vU2J.KY.5bs7qcE5SXHHhJsbidMyK4xnQZOh5R2', '2020-11-16 19:50:39', '/static/media/2.91ff2671.png'),
(53, 2, 'ceco', 'Cvetan', 'Cvetanov', '$2b$10$wYloX0uM23iZOTxr8WlC3e7oGp3GTXRSS3WjBkGDsOiMWJ1raRNmy', '2020-11-16 19:51:09', '/static/media/3.5a22821f.png'),
(54, 2, 'vlado', 'Vladimir', 'Vladimirov', '$2b$10$KVt2BgmiFOLXiSO64.aEWejJKF0IH.HxtRu6Z57q5A1h1D8MpAc/K', '2020-11-16 19:51:26', '/static/media/4.8feebb02.png'),
(55, 2, 'gabi', 'Gabriela', 'Gabrielova', '$2b$10$p7jGyNdG/jwn7pILbEUno.KEYpbmOJ5CJ6jfnw0xzsPg4Hbg3.Aeq', '2020-11-16 19:51:51', '/static/media/5.450c843e.png'),
(56, 2, 'fil', 'Filip', 'Filipov', '$2b$10$podTb9EzL.LC6.mIjKLmQ.WyB1/Phu1tSNdAwuYdYV6o82rgAVAh.', '2020-11-16 19:52:15', '/static/media/6.ac16d7d0.png'),
(57, 2, 'zdravka', 'Zdravka', 'Zdravkova', '$2b$10$0Vs7qC50A04kbXAmjrE5/eluIkrpwzuQAy.gtaCJUu29isiP1jce6', '2020-11-16 19:52:34', '/static/media/7.9354a63e.png'),
(58, 2, 'kami', 'Kameliya', 'Kameliova', '$2b$10$yPlIVE0a8xs1pcivI8WX2edkJM4p2h0ZoaQA3GMwr5KxFOvLEZ9fe', '2020-11-16 19:53:01', '/static/media/8.eafdff08.png'),
(59, 2, 'yori', 'Yordan', 'Yordanov', '$2b$10$lTSkTxyF1cLO1DLV7GwQ4.hlthLb4FxDZq5jJBxqTtkBT3nVBQfu2', '2020-11-16 19:53:28', '/static/media/9.3e9903d5.png'),
(60, 2, 'kris', 'Kristian', 'Kristianov', '$2b$10$3ytNq7dBGvWXQ3EM64J8bOaDd1mwmnIKctErbz6cSTmnrQyGM.LkC', '2020-11-16 19:53:49', '/static/media/10.decf6048.png'),
(61, 2, 'maks', 'Maksim', 'Maksimov', '$2b$10$W58v4ZXw70OTL6xqgQAgiOxVdE6.54/o/ASypjIH1iyzAlPFpJNNK', '2020-11-16 19:54:06', '/static/media/1.9df5147d.png'),
(62, 2, 'mimi', 'Mariya', 'Mariova', '$2b$10$JqXG0TOHF.nOarj2PSDAfuehir8jsNj/kF7l1uxTBwXkT3YFigDM.', '2020-11-16 19:54:30', '/static/media/2.91ff2671.png'),
(63, 2, 'teo', 'Teo', 'Teov', '$2b$10$LkNshIhGG3NHj82rMDrEV.o8JnHRtShETQfO0HnOnPvb1BFq6.Hey', '2020-11-16 19:55:17', '/static/media/3.5a22821f.png'),
(64, 2, 'rali', 'Ralica', 'Ralicova', '$2b$10$3GS6NvmT4PzNg2ZG6S50r.Edz.wLuIk5jGXVhBtt.Hhhmf4C7Liim', '2020-11-16 19:57:35', '/static/media/4.8feebb02.png'),
(65, 2, 'eli', 'Elena', 'Elenova', '$2b$10$U5w5GPnp/H30PuW9CqQynulYP5UmNmtkOqM.Db67TPXQ68KdwTLTS', '2020-11-16 19:57:56', '/static/media/5.450c843e.png'),
(66, 2, 'ina', 'Ina', 'Inova', '$2b$10$.RSuZrovlydeuiTXP.XDs.iz0bc.8MXD4zYUSa6dtKMIDa8ExbpZ6', '2020-11-16 19:58:17', '/static/media/6.ac16d7d0.png'),
(67, 2, 'eva', 'Eva', 'Evova', '$2b$10$NDFR5IEPOgUsd/.ITkPTNOMUrbuXhzaO3BeFGV7kpIAskaVhay3Ou', '2020-11-16 19:58:35', '/static/media/7.9354a63e.png'),
(68, 2, 'evi', 'Evlogi', 'Evlogiev', '$2b$10$2P6FHjCBvRbuUJTOAfre1uk/qKYrMu4BO5iKD15sJLCL2RmNEqjTO', '2020-11-16 19:58:55', '/static/media/8.eafdff08.png'),
(69, 2, 'raya', 'Raya', 'Raeva', '$2b$10$K5/9tG4H3VDffD0A8V/A9uhLlSJt00Rb3tc.S0BGG7QOj6Tdymho.', '2020-11-16 19:59:09', '/static/media/9.3e9903d5.png'),
(70, 2, 'koki', 'Kostadin', 'Kostadinov', '$2b$10$j08J7TJixGkFvSLRimVsoeitBdofJU1V3U0x3UWYySqW2pXQrh9ta', '2020-11-16 19:59:31', '/static/media/10.decf6048.png'),
(71, 2, 'ogi', 'Ognyan', 'Ognyanov', '$2b$10$73/2gu5ogPVgF.Qkt5.JlOT6DUy4uFETnGk5LEXnvCAfmlkhTkafG', '2020-11-16 19:59:54', '/static/media/1.9df5147d.png'),
(72, 2, 'pavkata', 'Pavel', 'Pavelov', '$2b$10$ik4feiT1YR5FY7nbNGAfG.kEefXvFPoaQoTpG14FWQGKV8CX8Pr.6', '2020-11-16 20:00:12', '/static/media/2.91ff2671.png'),
(73, 2, 'bojo', 'Bojidar', 'Bojidarov', '$2b$10$B/E/Q8iMZ/xPhoS1ySgZsedkrJPnCdSjx2oTWmuXy4mPeHHQBD7pm', '2020-11-16 20:00:55', '/static/media/3.5a22821f.png'),
(74, 2, 'bobo', 'Boris', 'Borisov', '$2b$10$dzAXloxdawHBSaYGFEmC5.iFt/z20.FfZ9e2klJbiKZgrmF29gyUa', '2020-11-16 20:01:42', '/static/media/4.8feebb02.png'),
(75, 2, 'yana', 'Yana', 'Yanova', '$2b$10$rhzCJjLvxDCzcoM./.9VQ.4BPLur6F8amR.XJ3doHc9HtsLID6bZi', '2020-11-16 20:02:05', '/static/media/5.450c843e.png'),
(76, 2, 'jan', 'Jan', 'Janov', '$2b$10$83/Vvg6Pq8XIZ56Y6e8d7eKTToTi/xfxOE8hblgm0uzg0VqasV5Ly', '2020-11-16 20:02:21', '/static/media/6.ac16d7d0.png'),
(77, 2, 'yoli', 'Yoana', 'Yoanova', '$2b$10$SdKR7PlJpDInF3nyO88RYO0daxJ4E/hmeEZ3bfvrkkb25G/4w7Kbi', '2020-11-16 20:02:42', '/static/media/7.9354a63e.png'),
(78, 2, 'magi', 'Magdalena', 'Magdalenova', '$2b$10$vtEQx81QnMFg/kunpVBsfuLw4cqOTAxoyjc5Wt8aW/dA3aLkt0QjO', '2020-11-16 20:02:59', '/static/media/8.eafdff08.png'),
(79, 2, 'sila', 'Silvestyr', 'Silvestyrov', '$2b$10$Dh71M3dGNulNDltcLIvQouEXop0WkWpvRbvwPGLVckRqgVhHSANou', '2020-11-16 20:03:24', '/static/media/9.3e9903d5.png'),
(80, 2, 'rado', 'Radoslav', 'Radoslavov', '$2b$10$EVAq4muT4Ppm1x0qTNJcM.4JYxdiJ7WQOKXqqX4iQV4cAQGYw.r1u', '2020-11-16 20:03:40', '/static/media/10.decf6048.png'),
(81, 2, 'radi', 'Radina', 'Radinova', '$2b$10$70t4kXLK8a7sedURoV1/beV9tlaIDaxSPnOgTIMwXQOdZlxKrn.Wm', '2020-11-16 20:03:54', '/static/media/1.9df5147d.png'),
(82, 2, 'moni', 'Simona', 'Simonova', '$2b$10$cH3i0PgQzPlh07U2OM7lbOzYMswYt0KxJXDPsvlsuYa9VsAT.qUti', '2020-11-16 20:04:26', '/static/media/2.91ff2671.png'),
(83, 2, 'rosi', 'Rosica', 'Rosicova', '$2b$10$xPjrn6Nx9Y5lB27Dw/CahOwDap4GW/KjYaN43RPNYS7a.9hTn.TYK', '2020-11-16 20:04:41', '/static/media/3.5a22821f.png'),
(84, 2, 'stef', 'Stefan', 'Stefanov', '$2b$10$T.GZtmT2L5AhQRKt4oebBehpnBh2FhI2NxAFC/0UHOzNqdJHdOSmq', '2020-11-16 20:05:12', '/static/media/4.8feebb02.png'),
(85, 2, 'stefi', 'Stefani', 'Stefanova', '$2b$10$YPZEY6Ks5663WkgylV5sgeL8YBRzfAgid6tvvcOmodvkT0HGfs6rq', '2020-11-16 20:05:32', '/static/media/5.450c843e.png'),
(86, 2, 'cveti', 'Cvetelina', 'Cvetelinova', '$2b$10$OHpOhWolSx0SZ9dS5ifWo.CkfXQxic34gTaNivE22EQdknKmN3Rvu', '2020-11-16 20:05:49', '/static/media/6.ac16d7d0.png'),
(87, 2, 'pam', 'Pamela', 'Pamelova', '$2b$10$Gd4MWyv1uFDPgsiRuggpaO1nUzgcENjxniH91j4OBx2UkdW64i0Au', '2020-11-16 20:06:44', '/static/media/7.9354a63e.png'),
(88, 2, 'asen', 'Asen', 'Asenov', '$2b$10$uLX0a4N3.qFkmzten4uqXej3bD/Hfmc/WkdSfuzopMk.uB2kzsK2S', '2020-11-16 20:07:11', '/static/media/8.eafdff08.png'),
(89, 2, 'elza', 'Eliza', 'Elizova', '$2b$10$4xLYcPSJmqYQbRRo486u3OV9yfbAUC2hApp6VsmqH3CPVHilQn4FG', '2020-11-16 20:07:42', '/static/media/9.3e9903d5.png'),
(90, 2, 'nedko', 'Nedko', 'Nedkov', '$2b$10$RR.ok3HIg1YLeHCWENZ2MuzDcY9vT0EeKnhPAUYGjK/XPy8X5IKPi', '2020-11-16 20:07:57', '/static/media/10.decf6048.png'),
(91, 2, 'sam', 'Samanta', 'Samantova', '$2b$10$nbDvddLqCMYQS38qOLzq2euHj3cTRrLgVj34clpGAJ7.hVF3A2qLi', '2020-11-16 20:08:34', '/static/media/1.9df5147d.png'),
(92, 2, 'sergo', 'Sergey', 'Sergeev', '$2b$10$5HbU7kIito4EfCmQbe.FHetvGQKYsTd04pg0n0gm1GnYrfKsmGX9m', '2020-11-16 20:08:50', '/static/media/2.91ff2671.png'),
(93, 2, 'jivko', 'Jivko', 'Jivkov', '$2b$10$YbvyEghwWUJzPlmkkXI8dOz.7nyNvoi3JLrEyQTLh.Dzsy50T485e', '2020-11-16 20:09:06', '/static/media/3.5a22821f.png'),
(94, 2, 'neli', 'Aneliya', 'Anelieva', '$2b$10$1Doqa7KeyWQnTxK0epdjheSIbUxrgN1qCEreCrWnhHK0jZ/LRUywe', '2020-11-16 20:14:03', '/static/media/4.8feebb02.png'),
(95, 2, 'meto', 'Metodi', 'Metodiev', '$2b$10$5pSiNSE0nI.72E4e3tR.qOKJkGjv2CyxR8v.pplH7.wAarh75MqLu', '2020-11-16 20:14:44', '/static/media/5.450c843e.png'),
(96, 2, 'valyo', 'Valentin', 'Valentinov', '$2b$10$8wuyfg7onjSIdHK4G5UmfOp2FX1uJmDtxlEkQjnLjJuiI7Fug4fWq', '2020-11-16 20:15:20', '/static/media/6.ac16d7d0.png'),
(97, 2, 'anji', 'Anjela', 'Anjelova', '$2b$10$4NAKU7cSOTm/PlfiNmyLy.5yvdC0xxJFLxXpBmw.dfUm9uzAQzubW', '2020-11-16 20:15:36', '/static/media/7.9354a63e.png'),
(98, 2, 'kosyo', 'Kosta', 'Kostov', '$2b$10$ddci28gvWNWpwfno4qXp.uW583do/APa6OjXNnTMgZ.pKmyq0UhZe', '2020-11-16 20:16:36', '/static/media/8.eafdff08.png'),
(99, 2, 'minko', 'Minko', 'Minkov', '$2b$10$xuUe8oBOlIxTtDE93M23L.I7YkL1mGYzxRkX/XtbeP32neagfe0f6', '2020-11-16 20:16:53', '/static/media/9.3e9903d5.png'),
(100, 2, 'nevi', 'Nevena', 'Nevenova', '$2b$10$bqiSr9/M04YyeEDOTbR4/.dqbgNjgpVCiGvocTL/i.F.UvA2D/cUi', '2020-11-16 20:17:37', '/static/media/10.decf6048.png');



INSERT INTO `categories` (`id`, `category`) VALUES
(1, 'mathematics'),
(2, 'chemistry'),
(3, 'history'),
(4, 'physics'),
(5, 'biology'),
(6, 'music'),
(7, 'geography'),
(8, 'sports');



INSERT INTO `quizzes` (`id`, `name`, `time`, `teacherID`, `categoryID`) VALUES
(1, 'Addition', 20, 1, 1),
(2, 'Geometry', 25, 1, 1),
(3, 'Division', 20, 1, 1),
(4, 'Numbers', 15, 1, 1),
(5, 'Multiplication', 15, 1, 1),
(6, 'Periodic Table', 20, 2, 2),
(7, 'Group IA', 20, 2, 2),
(8, 'Group IIA', 20, 2, 2),
(9, 'Group IIIA', 20, 2, 2),
(10, 'Hydrocarbons', 30, 2, 2),
(11, 'American Presidents', 20, 3, 3),
(12, 'Prehistory', 25, 3, 3),
(13, 'Independences', 20, 3, 3),
(14, 'Adolf Hitler', 10, 3, 3),
(15, 'World War I', 15, 3, 3),
(16, 'Units', 10, 4, 4),
(17, 'Laws', 10, 4, 4),
(18, 'Formulas Tasks (Easy)', 30, 4, 4),
(19, 'Formulas Tasks (Medium)', 30, 4, 4),
(20, 'Photophysics', 30, 4, 4),
(21, 'Virus', 15, 5, 5),
(22, 'Anatomy (Easy)', 20, 5, 5),
(23, 'Mammels', 20, 5, 5),
(24, 'Composers', 15, 6, 6),
(25, 'Bands', 5, 6, 6),
(26, 'Guess the song', 15, 6, 6),
(27, 'Songs from movies', 20, 6, 6),
(28, 'Noughties', 10, 6, 6),
(29, '80s music', 15, 6, 6),
(30, 'Oceans', 10, 7, 7),
(31, 'Continents', 5, 7, 7),
(32, 'Mountains', 5, 7, 7),
(33, 'Lakes', 5, 7, 7),
(34, 'Countries', 15, 7, 7),
(35, 'Islands', 20, 7, 7),
(36, 'Work', 5, 8, 4),
(37, 'Work (Tasks)', 30, 8, 4),
(38, 'Potential Energy', 15, 8, 4),
(39, 'Power (Tasks)', 20, 8, 4),
(40, 'Force (Tasks)', 20, 8, 4),
(41, 'Points', 10, 9, 1),
(42, 'Perimeters (Formulas)', 10, 9, 1),
(43, 'Areas (Formulas)', 10, 9, 1),
(44, 'Possibilities', 30, 9, 1),
(45, 'Combinations', 30, 9, 1),
(46, 'Hip Hop', 10, 10, 6),
(47, 'Rock', 10, 10, 6),
(48, 'RNB', 10, 10, 6),
(49, 'Beethoven', 30, 10, 6),
(50, 'Mozart', 30, 10, 6),
(51, 'Athletics', 15, 11, 8),
(52, 'Baseball', 20, 11, 8),
(53, 'Swimming', 15, 11, 8),
(54, 'Gymnastics', 20, 11, 8),
(55, 'Tennis', 20, 11, 8),
(56, 'Table Tennis', 15, 12, 8),
(57, 'Basketball', 20, 12, 8),
(58, 'Football', 10, 12, 8),
(59, 'Karate', 20, 12, 8),
(60, 'Taekwon-do', 15, 12, 8),
(61, 'Ecology', 20, 13, 5),
(62, 'Chromosomes', 10, 13, 5),
(63, 'Amino acids', 20, 13, 5),
(64, 'Proteins', 15, 13, 5),
(65, 'Birds', 15, 13, 5),
(66, 'Bones', 20, 14, 5),
(67, 'Cells', 10, 14, 5),
(68, 'Insects', 15, 14, 5),
(69, 'Fat Soluble Vitamins', 10, 14, 5),
(70, 'Water Soluble Vitamins', 15, 14, 5),
(71, 'Laws of Motion', 10, 15, 4),
(72, 'Thermodynamics', 20, 15, 4),
(73, 'Kinetic Energy', 20, 15, 4),
(74, 'Physicochemistry', 20, 15, 4),
(75, 'Electromagnetics', 15, 15, 4),
(76, 'Group IV A', 20, 16, 2),
(77, 'Group VA', 20, 16, 2),
(78, 'Group VIA', 20, 16, 2),
(79, 'Group VIIA', 20, 16, 2),
(80, 'Aldehydes', 20, 16, 2),
(81, 'Ketones', 15, 17, 2),
(82, 'Organic acids', 15, 17, 2),
(83, 'Aromatic compounds', 15, 17, 2),
(84, 'Volumes', 15, 17, 1),
(85, 'Powers', 15, 17, 1),
(86, 'World War II', 15, 18, 3),
(87, 'Egyptology', 15, 18, 3),
(88, 'Ancient Rome', 30, 18, 3),
(89, 'Christmas', 20, 18, 3),
(90, 'Bronze Age', 20, 18, 3),
(91, 'Ice hockey', 15, 19, 8),
(92, 'Badminton', 20, 19, 8),
(93, 'Diving', 20, 19, 8),
(94, 'Iron Age', 15, 19, 3),
(95, 'Stone Age', 20, 19, 3),
(96, 'Capitals', 15, 20, 7),
(97, 'Rivers', 15, 20, 7),
(98, 'Forests', 15, 20, 7),
(99, 'Deserts', 25, 20, 7),
(100, 'Archipelago', 15, 20, 7);




INSERT INTO `questions` (`id`, `quizID`, `points`, `text`) VALUES
(1, 1, 1, '111 + 222 + 333 = ?'),
(2, 1, 1, '222 + 888 = ?'),
(3, 1, 1, '366 + 258 = ?'),
(4, 1, 1, '485 + 239 + 712 = ?'),
(5, 1, 1, '588 + 395 = ?'),
(6, 1, 1, '746 + 698 + 102 = ?'),
(7, 1, 1, '965 + 100 + 257 = ?'),
(8, 1, 1, '871 + 666 = ?'),
(9, 1, 1, '241 + 444 + 69 = ?'),
(10, 1, 1, '999 + 25 + 11 = ?'),
(11, 2, 1, 'The circumference of the circle is also sometimes called:'),
(12, 2, 1, 'How many sides does a decagon have?'),
(13, 2, 1, 'Is triangle a two-dimensional or three-dimensional shape?'),
(14, 2, 1, 'An equilateral triangle has two of its sides equal. True or false?'),
(15, 2, 1, 'A square has all its angles equal to:'),
(16, 2, 1, 'The area of rectangle is equal to:'),
(17, 2, 1, 'If a is the side of cube, then the volume of the cube is:'),
(18, 2, 1, 'The sum of its internal angles equals to:'),
(19, 2, 1, 'What are the basic solid shapes?'),
(20, 2, 1, 'What is a parallelogram?'),
(21, 3, 1, '15 / 5 = ?'),
(22, 3, 1, '60 / 10 = ?'),
(23, 3, 1, '100 / 100 = ?'),
(24, 3, 1, '36 / 6 = ?'),
(25, 3, 1, '49 / 7 = ?'),
(26, 3, 1, '88 / 8 = ?'),
(27, 3, 1, '10 / 2 = ?'),
(28, 3, 1, '13 / 1 = ?'),
(29, 3, 1, '81 / 9 = ?'),
(30, 3, 1, '36 / 12 = ?'),
(31, 4, 1, 'Which one of the following is not a prime number?'),
(32, 4, 1, 'What least number must be added to 1056, so that the sum is completely divisible by 23?'),
(33, 4, 2, 'How many of the following numbers are divisible by 132: 264, 396, 462, 792, 968, 2178, 5184, 6336?'),
(34, 4, 2, 'The largest 4 digit number exactly divisible by 88 is:'),
(35, 4, 2, 'The sum of first five prime numbers is:'),
(36, 5, 1, '2 x 4 = ?'),
(37, 5, 1, '11 x 4 = ?'),
(38, 5, 1, '8 x 3 = ?'),
(39, 5, 2, '12 x 3 = ?'),
(40, 5, 2, '6 x 9 = ?'),
(41, 6, 1, 'Which element has Z = 1?'),
(42, 6, 1, 'How are elements from group IA called?'),
(43, 6, 1, 'Which element in the periodic table was named in honour of physicist Albert Einstein?'),
(44, 6, 1, 'Which of the following is a noble gas?'),
(45, 6, 1, 'What kind of element would you find on the far left-hand side of the periodic table?'),
(46, 7, 1, 'What name is given to the elements in Group IA?'),
(47, 7, 2, 'What is produced when sodium reacts with water?'),
(48, 7, 2, 'What colour flame is seen when potassium reacts with water?'),
(49, 7, 2, 'What hazard symbol might you see on sodium hydroxide or potassium hydroxide?'),
(50, 7, 3, 'Why must the elements in Group 1 be stored under oil?'),
(51, 8, 1, 'Which element/elements is/are NOT from group IIA?'),
(52, 8, 1, 'Which of the following is NOT a characteristic of group IIA elements?'),
(53, 8, 1, 'What is the trend in atomic radius down group IIA?'),
(54, 8, 1, 'What hydroxide is used to neutralize stomach acid?'),
(55, 8, 1, 'Which block are the alkaline earth metals in?'),
(56, 9, 1, 'Which element/elements is/are from group IIIA?'),
(57, 9, 1, 'Which element can be found in bauxite?'),
(58, 9, 1, 'What is the valence of the elements in group IIIA?'),
(59, 9, 1, 'Boron is a:'),
(60, 9, 1, 'Which block are the elements from group IIIA in?'),
(61, 10, 1, 'Hydrocarbons with only single covalent bonds are known as:'),
(62, 10, 1, 'As the number of carbon atoms in a formula __, the number of possible isomers __.'),
(63, 10, 3, 'A saturated hydrocarbon is also an:'),
(64, 10, 3, 'Butane is an alkane with:'),
(65, 10, 3, 'An alkene is a hydrocarbon with:'),
(66, 11, 1, 'Which man became the first President of the United States?'),
(67, 11, 1, 'Who was the first person to sign the Declaration of Independence?'),
(68, 11, 2, 'Who wrote this statement: \"We hold these truths to be self-evident, that all men are created equal\"?'),
(69, 11, 3, 'Who said \"I only regret that I have but one life to lose for my country\"?'),
(70, 11, 3, 'Who said \"Give me liberty or give me death\"?'),
(71, 12, 1, 'The Oldest civilization of the world is …'),
(72, 12, 1, 'How many years ago did humans begin to evolve separately from chimpanzees?'),
(73, 12, 1, 'Which is the odd one out?'),
(74, 12, 3, 'Which popular game originated in the Stone Age?'),
(75, 12, 3, 'What were ‘flint scrapers’ used for?'),
(76, 13, 1, 'Which country gained Independence in 1945 ?'),
(77, 13, 1, 'Zimbabwe got Independence in …'),
(78, 13, 5, '... country got Independence in 1948'),
(79, 13, 5, 'India celebrated Independence Day on …'),
(80, 13, 8, 'Sri Lanka officially gained its independence in which year ?'),
(81, 14, 1, 'Adolf Hitler was a ...'),
(82, 14, 2, 'Adolf Hitler was also known as …'),
(83, 14, 2, 'Adolf Hitler was the dictator of which of the following country?'),
(84, 14, 3, 'Cause of Adolf Hitler\'s death was ...'),
(85, 14, 4, 'Adolf Hitler was born in ... and died in ...'),
(86, 15, 1, 'Which country made the first declaration of war?'),
(87, 15, 1, 'n what city was Archduke Franz Ferdinand assassinated?'),
(88, 15, 3, 'At the beginning of World War I, Bosnia-Herzegovina was part of ...'),
(89, 15, 5, 'Germany’s plan for fighting France and Russia was called'),
(90, 15, 6, 'Which Russian general lost the Battle of the Masurian Lakes?'),
(91, 16, 1, 'Electric current may be expressed in which one of the following units?'),
(92, 16, 3, 'In the SI system of measure, what is the unit of capacitance?'),
(93, 16, 3, 'A Newton is equal to which of the following?'),
(94, 17, 3, 'The force acting between two point charges can be computed using which of the following laws?'),
(95, 17, 3, 'Induced electric currents can be explained using which of the following laws?'),
(96, 17, 4, 'Whose principle or law states that each point on a wavefront may be considered a new wave source? Is it:'),
(97, 18, 3, 'A worker lifts a 10 kilogram block a vertical height of 2 meters. The work he does on the block is:'),
(98, 18, 4, 'An impulse of 10 kilogram-meter per second acting on an object whose mass is 5 kilogram will cause a change in the objects velocity of:'),
(99, 18, 4, 'The time needed for a net force of 10 newtons to change the velocity of a 5 kilograms mass by 3 meters/second is:'),
(100, 18, 5, 'The frequency of a wave is 50 Hertz and its wavelength is 25 meters. What is the velocity of this wave?'),
(101, 18, 6, 'A ray of light is incident on a smooth reflecting surface at an angle of incidence of 15 degrees to the normal. What is the angle between the incident ray and the reflected ray?'),
(102, 19, 3, 'Two bodies each have a mass \'M\'. If the mass of each body is doubled, the force of attraction between the two bodies is:'),
(103, 19, 3, 'A force of 15 newtons is acting on an object which has a mass of 3 kilograms. If this is the only force acting on the object, what is the acceleration of the object?'),
(104, 19, 3, 'An object is located 1 meter in front of a converging lens having a focal length of 20 centimeters. At what distance behind the lens will the image be formed?'),
(105, 19, 5, 'The magnetic pressure of a 0.5 Tesla field is about one atmosphere. What is the pressure of a 4 Tesla field?'),
(106, 20, 3, 'Photoelectric electricity is produced directly from solar energy when which of the following are absorbed in a semiconductor to create an electric current?'),
(107, 20, 2, 'A solar cell does NOT respond to red light, but DOES respond to green light. The solar cell will be able to respond to:'),
(108, 20, 4, 'Of the following, the most energetic form of NON-IONIZING radiation is:'),
(109, 21, 2, 'Which statement is true about viruses?'),
(110, 21, 1, 'One important way to control the spread of viruses is through?'),
(111, 21, 6, 'One of the differences between bacteria and viruses is that ...'),
(112, 22, 1, 'The cells that secrete acids that dissolve bone matrix are:'),
(113, 22, 2, 'The bone matrix that surrounds the central canal of the osteon is arranged as:'),
(114, 22, 2, 'The merocrine sweat glands:'),
(115, 23, 1, 'What are the two things that make mammals special?'),
(116, 23, 1, 'What are the three different types of mammals?'),
(117, 23, 3, 'Monotremes lay eggs so why are they classed as mammals?'),
(118, 24, 1, 'Beethoven’s Pathétique, op. 13 was composed during his early period and is similar in style to works by'),
(119, 24, 1, 'Which composer began his career as a child prodigy touring Europe at age 6?'),
(120, 24, 4, 'Which symphony did Haydn write to wake up the audience?'),
(121, 25, 1, 'Carl Barat, Pete Doherty, John Hassell and Gary Powell are members of which band?'),
(122, 25, 1, 'Money for nothing was an 80s’ number one for which band?'),
(123, 25, 1, 'Having sold over 10m copies by 2010, can you name The Strokes debut album?'),
(124, 25, 1, 'Which Beatles single lasted longest in the charts, at 19 weeks?'),
(125, 26, 1, '“Standing on your mama’s porch / You told me that you ’d wait  forever...”'),
(126, 26, 1, '“Oh my love / a thousand kisses from you is never too much”'),
(127, 26, 1, '“At first, I was afraid, I was petrified / Kept thinking I could never live without you by my side”'),
(128, 26, 1, '“Fighting on arrival / Fighting for survival”'),
(129, 27, 2, 'Bohemian Rhapsody by Queen was used in which film?'),
(130, 27, 2, 'Which Film set in London, features the song ‘When you say nothing at all,  ’ by Ronan Keating?'),
(131, 27, 4, '‘Happy’ by Pharrell Williams feature in?'),
(132, 27, 4, 'What makes the medicine go down in the Disney classic Mary Poppins?'),
(133, 28, 3, 'Which American female vocalist had a hit with ‘I’m Outta Love, ’  in 2000?'),
(134, 28, 3, 'Who won the first series of Pop Idol?'),
(135, 28, 3, 'What was Katy Perry\'s first hit song of the 00’s?'),
(136, 29, 2, 'Which famous band are responsible for the hit \'Sweet Dreams\'?'),
(137, 29, 2, 'Which American rock band had a hit in the eighties with the \'Eye of the Tiger\'?'),
(138, 29, 2, 'Which American singer and teen icon is famous for her 1987 cover of \'I Think We\'re Alone Now\'?'),
(139, 30, 1, 'Which continent does NOT border the Indian Ocean?'),
(140, 30, 1, 'Which landmass straddles a mid-ocean ridge?'),
(141, 31, 1, 'Which is the world\'s largest continent?'),
(142, 31, 1, 'Which is the smallest continent?'),
(143, 31, 1, 'Which continent has the world\'s highest mountains?'),
(144, 32, 2, 'Which continent has the longest mountain range?'),
(145, 32, 2, 'Where is the earth\'s tallest mountain?'),
(146, 33, 1, 'Which is the world\'s deepest lake?'),
(147, 33, 1, 'What is the planet\'s biggest lake?'),
(148, 34, 1, 'Which is the world\'s largest country?'),
(149, 34, 1, 'Which is the world\'s smallest country?'),
(150, 35, 3, 'What is the world\'s largest island?'),
(151, 35, 3, 'Which country has the most islands?'),
(152, 36, 1, 'A block of mass m is pulled over a distance d by an applied force F which is directed in parallel to the displacement. How much work is done on the block by the force F?'),
(153, 36, 1, 'A block of mass m is moved over a distance d. An applied force F is directed perpendicularly to the block’s displacement. How much work is done on the block by the force F?'),
(154, 37, 1, 'A container with a mass of 5 kg is lifted to a height of 8 m. How much work is done by the external force?'),
(155, 37, 1, 'A container with a mass of 5 kg is lifted to a height of 8 m and then returned back to the ground level. How much work is done by the gravitational force?'),
(156, 38, 1, 'A 4 kg block is attached to a vertical spring with a spring constant 800 N/m. The spring stretches 5 cm down. How much elastic potential energy is stored in the system?'),
(157, 38, 1, 'A heavy block is suspended from a vertical spring. The elastic potential energy is stored in the spring is 2 J. What is the spring constant if the elongation of the spring is 10 cm?'),
(158, 38, 1, 'A heavy block is suspended from a vertical spring. The elastic potential energy is stored in the spring is 0.8 J. What is the elongation of the spring if the spring constant is 100 N/m?'),
(159, 39, 2, 'A machine does 2500 J of work in 1 min. What is the power developed by the machine?'),
(160, 39, 2, 'A car travels with a constant speed of 15 m/s. The car’s engine produces a 4000 N pushing force in order to keep the speed constant. How much power is developed by the engine?'),
(161, 40, 2, 'A block with a mass of m crosses a rough horizontal surface at a constant speed of v. The coefficient of kinetic friction between the block and the surface is μ. How much power must be produced in order to overcome the friction force?'),
(162, 40, 2, 'A motorbike engine can develop a power of 90000 W in order to keep a constant velocity of 30 m/s. What is the pushing force?'),
(163, 41, 3, 'Which of the following pairs of points has slope 2/9 ?'),
(164, 41, 3, 'Write the equation of the line passing through the point (-3, 7) with slope zero.'),
(165, 42, 2, 'The formula for square\'s perimeter is:'),
(166, 42, 2, 'The formula for rectangle\'s perimeter is:'),
(167, 42, 2, 'The formula for parallelogram\'s perimeter is:'),
(168, 43, 1, 'The formula for square\'s area is:'),
(169, 43, 1, 'The formula for triangle\'s area is:'),
(170, 43, 1, 'The formula for parallelogram\'s area is:'),
(171, 44, 4, 'The ski club with ten members is to choose three officers captain, co-captain & secretary, how many ways can those offices be filled?'),
(172, 44, 4, 'The company Sea Esta has ten members on its board of directors. In how many different ways can it elect a president, vice-president, secretary and treasurer?'),
(173, 44, 4, 'For a segment of a radio show, a disc jockey (Dr. Jams) can play 4 songs. If there are 8 to select from, in how many ways can the program for this segment be arranged?'),
(174, 45, 4, 'An election ballot asks voters to select three city commissioners from a group of six candidates. In how many ways can this be done?'),
(175, 45, 4, 'A four-person committee is to be elected from an organization’s membership of 11 people. How many different committees are possible?'),
(176, 45, 4, 'You are on your way to Hawaii (Aloha) and of 15 possible books your parents say you can only take 10. How many different collections of 10 books can you take?'),
(177, 46, 1, 'What is Jay-Z’s real name?'),
(178, 46, 1, 'What hip-hop artist made his film debut in Stomp the Yard and is currently filming with Regina King?'),
(179, 47, 1, 'What rock band was made up of Robert Plant, John Paul Jones, Jimmy Page, and John Bonham?'),
(180, 47, 1, 'What guitarist released his band’s first album Are You Experienced in 1967?'),
(181, 48, 1, 'What singer fronted the Black Eyed Peas and released her own album The Dutchess in 2006?'),
(182, 48, 1, 'Who sings “She\'s like so whatever, You could do so much better, I think we should get together now, And that\'s what everyone\'s talking about!”?'),
(183, 49, 3, 'Which of Beethovens\' Symphonies has furnished the European Anthem?'),
(184, 49, 3, 'By what programmatic subtitle is it more widely known Beethovens\' Symphony No. 6?'),
(185, 50, 1, 'Mozart\'s full name is:'),
(186, 50, 1, 'Mozart was born in:'),
(187, 50, 1, 'Mozart died in:'),
(188, 51, 1, 'What is track and field?'),
(189, 51, 1, 'Athletics training helps in various area (strength, stamina, speed, flexibility, balance)'),
(190, 51, 5, 'Which of the following are track and field events?'),
(191, 52, 1, 'What was the first team Derek Jeter played against as a New York Yankee?'),
(192, 52, 2, 'What player broke Lou Gehrig’s streak of consecutive games played?'),
(193, 52, 3, 'Which baseball park has the tallest outfield wall?'),
(194, 53, 1, 'What do the numbers around the pool tell you?'),
(195, 53, 2, 'When sculling, what equipment should you be using?'),
(196, 53, 3, 'Which of the following is NOT a swimming stroke?'),
(197, 54, 3, 'Rhythmic gymnastics is:'),
(198, 54, 2, 'Trampoline is:'),
(199, 54, 4, 'A balance beam is:'),
(200, 55, 1, 'A set is'),
(201, 55, 3, 'A rally is:'),
(202, 55, 3, 'To serve is:'),
(203, 55, 1, 'A racket is:'),
(204, 56, 1, 'How old was the person who represented Australia in the World Veterans Table Tennis Championships in Rio in 2008?'),
(205, 56, 2, 'How old was the youngest table tennis competitor at the 2018 Gold Coast Com- monwealth Games?'),
(206, 56, 3, 'Which Wimbledon tennis champion also won the World’s Table Tennis Champion- ships in 1929?'),
(207, 57, 1, 'The team with the ball is called?'),
(208, 57, 3, 'A shot made from anywhere inside the 3 point arc is worth?'),
(209, 57, 5, 'The three most common types of passes in basketball are?'),
(210, 58, 1, 'Where was the 2006 Champions League Final held?'),
(211, 58, 2, 'What is the highest number of goals that FC Barcelona has scored in a league season?'),
(212, 58, 4, 'How many Barcelona players have won the World Player of the Year award?'),
(213, 59, 1, 'What belt do you start in karate?'),
(214, 59, 1, 'What do you call your karate teacher?'),
(215, 59, 2, 'How many browns are there?'),
(216, 59, 3, 'What is the front kick called?'),
(217, 60, 1, 'Which of these isn\'t a colour of a Taekwondo belt'),
(218, 60, 2, 'Where does Taekwondo come from?'),
(219, 60, 2, 'What\'s the name for the Taekwondo uniform?'),
(220, 61, 2, 'The arrows in a food chain show:'),
(221, 61, 2, 'Which of the following would represent an ecosystem?'),
(222, 61, 2, 'The biggest impacts are made on the environment by:'),
(223, 62, 2, 'The chromosomes responsible for characteristics other than sex are known by which of the following terms?'),
(224, 62, 3, 'What genetic term describes the situation when a part of a chromosome is broken off and lost?'),
(225, 62, 4, 'An individual with three X chromosomes is likely t be:'),
(226, 63, 2, 'Which amino acid would be released if the intact peptide was treated with a combination of trypsin and chymotrypsin?'),
(227, 63, 3, 'Which treatment would result in the release of Lys and Arg from the intact peptide?'),
(228, 64, 3, 'Which could be characteristics of Protein A and Protein B?'),
(229, 64, 4, 'Which could be found within the structure of Protein B?'),
(230, 65, 1, 'Birds are the only animal group that:'),
(231, 65, 2, 'Which of the following birds can fly?'),
(232, 65, 3, 'Birds flying south for the winter is called:'),
(233, 66, 2, 'Adults have this many bones and muscles, respectively:'),
(234, 66, 2, 'The two main types of joints are:'),
(235, 66, 1, 'Skeletal muscles are attached to bones by tendons.'),
(236, 66, 1, 'The worst thing for a broken bone is to move it.'),
(237, 66, 2, 'The vitamin and a mineral that help keep bones strong are:'),
(238, 67, 2, 'the four molecular components found inside a cell are:'),
(239, 67, 1, 'What makes up 70% of the intracellular space?'),
(240, 68, 2, 'In Egyptian mythology, the ... beetle was considered sacred because their actions reminded them of the sun God Ra.'),
(241, 68, 3, 'An insect has ... body sections.'),
(242, 68, 2, 'An insect has a total of ... legs.'),
(243, 69, 2, 'Vitamin D helps:'),
(244, 69, 1, 'Egg yolks have:'),
(245, 69, 3, 'The only vitamin that the cells can produce is:'),
(246, 70, 2, 'Part of co-enzyme needed in energy metabolism and supports normal appetites and nervous system function. '),
(247, 70, 2, 'Toxicity of what vitamin causes: masking of Vitamin B12 deficiency.'),
(248, 70, 4, 'Collagen synthesis, antioxidant, restores vitamin E to active form, hormone synthesis, supports immune cell functions, helps in absorption of iron.'),
(249, 71, 3, 'Which Newton Law happens if you let an untied balloon go?'),
(250, 71, 3, 'Which Newton Law happens if you are riding a skateboard and hit something (like a curb) with the front wheels?'),
(251, 71, 3, 'Which Newton Law happens if you try and push Mr. Larson?'),
(252, 72, 1, 'Which of the following temperature scales doesn’t have negative numbers?'),
(253, 72, 2, 'A container filled with a sample of an ideal gas at the pressure of 1.5 atm. The gas is compressed isothermally to one-fourth of its original volume. What is the new pressure of the gas?'),
(254, 72, 3, 'The absolute temperature of an ideal diatomic gas is quadrupled. What happens to the average speed of molecules?'),
(255, 73, 4, 'A ball with a mass of 10 kg is lifted to a height of 2 m above the ground. The ball is then allowed to fall to the ground. How much is the kinetic energy?'),
(256, 73, 4, 'A ball with a mass of 5 kg is put at the top of a ramp shown below, which is 3 m high. How much is the kinetic energy?'),
(257, 74, 2, 'Which one of the following is a critical rate-limiting step of drug absorption?'),
(258, 74, 3, 'What should be the ideal solubility rate of an orally administered drug in the pH range of 2 to 8?'),
(259, 74, 2, 'Which one of these is not a theory of Drug dissolution?'),
(260, 75, 1, 'The strength of an electromagnet can be changed, and increased or decreased.'),
(261, 75, 1, 'Which of the following is defined as using movement to create electricity?'),
(262, 75, 1, 'An electromagnet can be used to help with the process of recycling.'),
(263, 75, 1, 'An electromagnet can be turned on and off using a ...'),
(264, 76, 1, 'Which of the following elements are from group IV A?'),
(265, 76, 1, 'What is the Valency of Group IV A?'),
(266, 77, 1, 'How are elements from group VA called?'),
(267, 77, 1, 'How many valence electrons elements from group VA have?'),
(268, 78, 1, 'What is the name of group VIa?'),
(269, 78, 3, 'Which elements are from group VIA?'),
(270, 79, 1, 'What is the most active element in group VIIA?'),
(271, 79, 1, 'How are elements from group VIIA called?'),
(272, 80, 1, 'The general formula of aldehydes is:'),
(273, 80, 4, 'What is the oxidation product of an aldehyde?'),
(274, 81, 1, 'The simplest ketone is:'),
(275, 81, 3, 'The generic formula of ketones is:'),
(276, 82, 1, 'The organic acids\' functional group is:'),
(277, 82, 5, 'Which is the strongest organic acid?'),
(278, 83, 1, 'Which is the simpliest aromatic compound?'),
(279, 83, 6, 'Which of the following is the formula of toluene?'),
(280, 84, 3, 'The volume of a cube with a = 3 is:'),
(281, 84, 1, 'The unit for volume in SI is:'),
(282, 85, 3, 'Powers are also called:'),
(283, 85, 2, '5 by the power of 2 is:'),
(284, 86, 1, 'The World War II was during the years:'),
(285, 86, 5, 'What countries fought in World War II?'),
(286, 87, 1, 'Egyptology is:'),
(287, 87, 1, 'Where are the pyramids in Egypt?'),
(288, 88, 1, 'Rome was founded in:'),
(289, 88, 1, 'What country is Rome the capital of today?'),
(290, 88, 4, 'What was Caesar Augustus famous for?'),
(291, 89, 1, 'Joseph was from:'),
(292, 89, 2, 'What did the innkeeper tell Mary and Joseph?'),
(293, 89, 3, 'How many angels spoke to the shepherds?'),
(294, 90, 2, 'When did the Bronze Age begin?'),
(295, 90, 2, 'The Bronze Age follows on from the ... and is followed by the ...'),
(296, 91, 1, 'Ice hockey is played on:'),
(297, 91, 2, 'To play ice hockey you need:'),
(298, 92, 2, 'Badminton is:'),
(299, 92, 1, 'Badminton was invented in ...'),
(300, 93, 1, 'Which of these are types of diving?'),
(301, 93, 3, 'in the Good Category includes scores ranging from ... to ...'),
(302, 94, 2, 'When did the iron age begin and end?'),
(303, 94, 1, 'How long did the Iron Age last?'),
(304, 95, 3, 'Divided into three periods:'),
(305, 95, 2, 'The Stone Age began about ... million years ago'),
(306, 96, 2, 'The capital of Bulgaria is:'),
(307, 96, 2, 'The capital of Spain is:'),
(308, 96, 2, 'The capital of Italy is:'),
(309, 97, 1, 'The largest river is:'),
(310, 97, 2, 'The second largest river is:'),
(311, 98, 2, 'Which of these are forest types?'),
(312, 98, 3, 'The largest forest is:'),
(313, 99, 1, 'A desert is a place with:'),
(314, 99, 2, 'The largest desert is:'),
(315, 100, 2, 'What is the largest archipelago in the world?'),
(316, 100, 2, 'What US state is an archipelago?');



INSERT INTO `answers` (`id`, `questionID`, `text`, `isTrue`) VALUES
(1, 1, '606', 0),
(2, 1, '666', 1),
(3, 1, '600', 0),
(4, 1, '660', 0),
(5, 2, '1000', 0),
(6, 2, '1001', 0),
(7, 2, '1110', 1),
(8, 2, '1111', 0),
(9, 3, '624', 1),
(10, 3, '664', 0),
(11, 3, '644', 0),
(12, 3, '646', 0),
(13, 4, '1136', 0),
(14, 4, '1436', 1),
(15, 4, '1443', 0),
(16, 4, '1432', 0),
(17, 5, '988', 0),
(18, 5, '933', 0),
(19, 5, '938', 0),
(20, 5, '983', 1),
(21, 6, '1544', 0),
(22, 6, '1546', 1),
(23, 6, '1446', 0),
(24, 6, '1556', 0),
(25, 7, '1322', 1),
(26, 7, '1323', 0),
(27, 7, '1222', 0),
(28, 7, '1333', 0),
(29, 8, '1537', 1),
(30, 8, '1533', 0),
(31, 8, '1337', 0),
(32, 8, '1737', 0),
(33, 9, '744', 0),
(34, 9, '755', 0),
(35, 9, '754', 1),
(36, 9, '757', 0),
(37, 10, '1035', 1),
(38, 10, '1033', 0),
(39, 10, '1055', 0),
(40, 10, '1053', 0),
(41, 11, 'Area of a circle', 0),
(42, 11, 'Perimeter of a circle', 1),
(43, 11, 'Radius of a circle', 0),
(44, 11, 'Diameter of a circle', 0),
(45, 12, 'Four', 0),
(46, 12, 'Six', 0),
(47, 12, 'Ten', 1),
(48, 12, 'Five', 0),
(49, 13, 'A two-dimensional', 1),
(50, 13, 'A three-dimensional', 0),
(51, 14, 'False', 1),
(52, 14, 'True', 0),
(53, 15, '90 degrees', 1),
(54, 15, '45 degrees', 0),
(55, 15, '180 degrees', 0),
(56, 15, '60 degrees', 0),
(57, 16, 'Length + Breadth', 0),
(58, 16, 'Length + Length', 0),
(59, 16, 'Length x Length', 0),
(60, 16, 'Length x Breadth', 1),
(61, 17, 'a x a x a', 1),
(62, 17, 'a x a', 0),
(63, 17, 'a', 0),
(64, 17, 'a x a x a x a', 0),
(65, 18, '360 degrees', 0),
(66, 18, '30 degrees', 0),
(67, 18, '60 degrees', 0),
(68, 18, '180 degrees', 1),
(69, 19, 'Pentagon, Hexagon, Heptagon, Octagon', 0),
(70, 19, 'Cube, Cuboid, Cone', 1),
(71, 19, 'Sphere, Hemisphere, Cylinder', 1),
(72, 19, 'Quadrilaterals – square, rectangle, parallelogram, trapezium, kite', 0),
(73, 20, 'A quadrilateral with two pairs of parallel sides and opposite angles are equal in measures.', 1),
(74, 20, 'A quadrilateral with three pairs of parallel sides and parallel angles are equal in measures.', 0),
(75, 20, 'A quadrilateral with two pairs of parallel sides and opposite angles are not equal in measures.', 1),
(76, 20, 'A quadrilateral with three pairs of opposite sides and opposite angles are not equal in measures.', 0),
(77, 21, '15', 0),
(78, 21, '5', 0),
(79, 21, '3', 1),
(80, 21, '1', 0),
(81, 22, '6', 1),
(82, 22, '10', 0),
(83, 22, '60', 0),
(84, 22, '1', 0),
(85, 23, '11', 0),
(86, 23, '1000', 0),
(87, 23, '100', 0),
(88, 23, '1', 1),
(89, 24, '36', 0),
(90, 24, '1', 0),
(91, 24, '6', 1),
(92, 24, '60', 0),
(93, 25, '4', 0),
(94, 25, '7', 1),
(95, 25, '49', 0),
(96, 25, '9', 0),
(97, 26, '11', 1),
(98, 26, '8', 1),
(99, 26, '88', 0),
(100, 26, '111', 0),
(101, 27, '100', 0),
(102, 27, '2', 0),
(103, 27, '10', 0),
(104, 27, '5', 1),
(105, 28, '13', 1),
(106, 28, '1', 0),
(107, 28, '130', 0),
(108, 28, '11', 0),
(109, 29, '81', 0),
(110, 29, '19', 0),
(111, 29, '9', 1),
(112, 29, '11', 0),
(113, 30, '12', 0),
(114, 30, '13', 0),
(115, 30, '3', 1),
(116, 30, '36', 0),
(117, 31, '91', 1),
(118, 31, '61', 0),
(119, 31, '31', 0),
(120, 31, '71', 0),
(121, 32, '18', 0),
(122, 32, '3', 0),
(123, 32, '2', 1),
(124, 32, '21', 0),
(125, 33, '5', 0),
(126, 33, '6', 0),
(127, 33, '4', 1),
(128, 33, '3', 0),
(129, 34, '9768', 0),
(130, 34, '9944', 1),
(131, 34, '8888', 0),
(132, 34, '9988', 0),
(133, 35, '24', 0),
(134, 35, '23', 0),
(135, 35, '26', 0),
(136, 35, '28', 1),
(137, 36, '8', 1),
(138, 36, '4', 0),
(139, 36, '3', 0),
(140, 36, '2', 0),
(141, 37, '44', 1),
(142, 37, '4', 0),
(143, 37, '1', 0),
(144, 37, '11', 0),
(145, 38, '3', 0),
(146, 38, '24', 1),
(147, 38, '8', 0),
(148, 38, '22', 0),
(149, 39, '3', 0),
(150, 39, '14', 0),
(151, 39, '36', 1),
(152, 39, '6', 0),
(153, 40, '60', 0),
(154, 40, '54', 1),
(155, 40, '45', 0),
(156, 40, '9', 0),
(157, 41, 'C', 0),
(158, 41, 'Na', 0),
(159, 41, 'Ca', 0),
(160, 41, 'H', 1),
(161, 42, 'lanthanides', 0),
(162, 42, 'hydrocarbons', 0),
(163, 42, 'alkali metals', 1),
(164, 42, 'halogens', 0),
(165, 43, 'Einsteinium', 1),
(166, 43, 'Physicsium', 0),
(167, 43, 'Relativium', 0),
(168, 43, 'Albertium', 0),
(169, 44, 'Nitrogen', 0),
(171, 44, 'Oxygen', 0),
(172, 44, 'Carbon dioxide', 0),
(173, 44, 'Argon', 1),
(174, 45, 'A metal', 1),
(175, 45, 'A halogen', 0),
(176, 45, 'A gas', 0),
(177, 45, 'A negative ion', 0),
(178, 46, 'The halogens', 0),
(179, 46, 'The noble gases', 0),
(180, 46, 'The alkali metals', 1),
(181, 47, 'Sodium oxide', 0),
(182, 47, 'Sodium hydroxide and hydrogen', 1),
(183, 47, 'Sodium chloride', 0),
(184, 48, 'Red', 0),
(185, 48, 'Orange', 0),
(186, 48, 'Purple', 1),
(187, 49, 'Flammable', 0),
(188, 49, 'Corrosive', 1),
(189, 49, 'Oxidising agent', 0),
(191, 50, 'They react quickly with oxygen in the air', 1),
(192, 50, 'They are very valuable', 0),
(193, 50, 'They are poisonous', 0),
(194, 51, 'Calcium', 0),
(195, 51, 'Hydrogen', 1),
(196, 51, 'Carbon', 1),
(197, 51, 'Magnesium', 0),
(198, 52, 'Two valence electrons', 0),
(199, 52, 'Can be found in the earth', 0),
(200, 52, 'Reacts with water to form an alkaline solution', 0),
(201, 52, 'Only reacts with water', 1),
(202, 53, 'Increase', 0),
(203, 53, 'Decrease', 0),
(204, 53, 'They are equal', 0),
(205, 53, 'None of these', 0),
(206, 54, 'Magnesium hydroxide', 1),
(207, 54, 'Calcium hydroxide', 0),
(208, 54, 'Strontium hydroxide', 0),
(209, 54, 'Sodium hydroxide', 0),
(210, 55, 'The s block as their outter electron is in the s orbital', 1),
(211, 55, 'The p block as their outter electron is in the p orbital', 0),
(212, 55, 'The d block as their outter electron is in the d orbital', 0),
(213, 55, 'The f block as their outter electron is in the f orbital', 0),
(214, 56, 'B', 1),
(215, 56, 'S', 0),
(216, 56, 'H', 0),
(217, 56, 'Al', 1),
(218, 57, 'B', 0),
(219, 57, 'S', 0),
(220, 57, 'H', 0),
(221, 57, 'Al', 1),
(222, 58, '3', 1),
(223, 58, '1', 0),
(224, 58, '2', 0),
(225, 58, 'None of these', 0),
(226, 59, 'Metalloid', 1),
(227, 59, 'Metal', 0),
(228, 59, 'Gas', 0),
(229, 59, 'None of these', 0),
(230, 60, 'The s block as their outter electron is in the s orbital', 0),
(231, 60, 'The p block as their outter electron is in the p orbital', 1),
(232, 60, 'The d block as their outter electron is in the d orbital', 0),
(233, 60, 'The f block as their outter electron is in the f orbital', 0),
(234, 61, 'alkanes', 1),
(235, 61, 'alkenes', 0),
(236, 61, 'alkynes', 0),
(237, 62, 'increases, decreases', 0),
(238, 62, 'decreases, decreases', 0),
(239, 62, 'increases, increases', 1),
(240, 63, 'alkenes', 0),
(241, 63, 'alkanes', 1),
(242, 63, 'alkynes', 0),
(243, 64, '4 carbon atoms', 1),
(244, 64, '3 carbon atoms', 0),
(245, 64, '2 carbon atoms', 0),
(246, 65, 'all single bonds between carbon atoms', 0),
(247, 65, 'at least one double bond between carbon atoms', 1),
(248, 65, 'at least one triple bond between carbon atoms', 0),
(249, 66, 'Thomas Jefferson', 0),
(250, 66, 'John Adams', 0),
(251, 66, 'George Washington', 1),
(252, 66, 'Benjamin Franklin', 0),
(253, 67, 'Thomas Jefferson', 0),
(254, 67, 'John Hancock', 1),
(255, 67, 'Benjamin Franklin', 0),
(256, 67, 'George Washington', 0),
(257, 68, 'John Paul Jones', 1),
(258, 68, 'George Washington', 0),
(259, 68, 'Paul Revere', 0),
(260, 68, 'Patrick Henry', 0),
(261, 69, 'Nathan Hale', 1),
(262, 69, 'Patrick Henry', 0),
(263, 69, 'Thomas Paine', 0),
(264, 69, 'John Paul Jones', 0),
(265, 70, 'Paul Revere', 0),
(266, 70, 'Patrick Henry', 1),
(267, 70, 'John Hancock', 0),
(268, 70, 'John Paul Jones', 0),
(269, 71, 'The Aztecs Civilization', 0),
(270, 71, 'The Harappa Civilizaton', 0),
(271, 71, 'The Mesopotamian Civilization', 1),
(272, 71, 'The Ancient Egyptian Civilization', 0),
(273, 72, '5,000,000', 0),
(274, 72, '7,000,000', 1),
(275, 72, '1,000,000', 0),
(276, 72, '15,000,000', 0),
(277, 73, 'Iron Age', 0),
(278, 73, 'Mesozoic Age', 1),
(279, 73, 'Bronze Age', 0),
(280, 73, 'Stone Age', 0),
(281, 74, 'Dice', 1),
(282, 74, 'Marbles', 0),
(283, 74, 'Dominoes', 0),
(284, 74, 'Monopoly', 0),
(285, 75, 'To remove fat from animal hides to make leather', 1),
(286, 75, 'To dig up hard ground', 0),
(287, 75, 'To fight each other with', 0),
(288, 75, 'To cut down crops', 0),
(289, 76, 'Chile', 0),
(290, 76, 'Sri Lanka', 0),
(291, 76, 'China', 0),
(292, 76, 'Indonesia', 1),
(293, 77, '1965', 0),
(294, 77, '1980', 1),
(295, 77, '1995', 0),
(296, 77, '1996', 0),
(297, 78, 'Burunei', 0),
(298, 78, 'Malaysia', 0),
(299, 78, 'Myanmar', 1),
(300, 78, 'Colombia', 0),
(301, 79, '14th August', 0),
(302, 79, '15th August', 1),
(303, 79, '16th August', 0),
(304, 79, '17th August', 0),
(305, 80, '1947', 0),
(306, 80, '1948', 1),
(307, 80, '1949', 0),
(308, 80, '1950', 0),
(309, 81, 'German politician', 1),
(310, 81, 'British clown', 0),
(311, 81, 'Bulgarian doctor', 0),
(312, 81, 'Russian artist', 0),
(313, 82, 'Tiny', 0),
(314, 82, 'Dino', 0),
(315, 82, 'Fuhrer', 1),
(316, 82, 'Man of steel', 0),
(317, 83, 'Canada', 0),
(318, 83, 'Australia', 0),
(319, 83, 'America', 0),
(320, 83, 'Germany', 1),
(321, 84, 'Suicide by gunshot', 1),
(322, 84, 'Poison in food', 0),
(323, 84, 'Alcohol', 0),
(324, 84, 'COVID-19', 0),
(325, 85, '1889, 1945', 1),
(326, 85, '1888, 1945', 0),
(327, 85, '1889, 1944', 0),
(328, 85, '1899, 1955', 0),
(329, 86, 'Germany', 0),
(330, 86, 'Austria-Hungary', 1),
(331, 86, 'Serbia', 0),
(332, 86, 'Russia', 0),
(333, 87, 'Sarajevo', 1),
(334, 87, 'Zagreb', 0),
(335, 87, 'Belgrade', 0),
(336, 87, 'Vienna', 0),
(337, 88, 'Croatia', 0),
(338, 88, 'Yugoslavia', 0),
(339, 88, 'Serbia', 0),
(340, 88, 'Austria-Hungary', 1),
(341, 89, 'The Hindenburg Plan', 0),
(342, 89, 'The Schlieffen Plan', 1),
(343, 89, 'Sturm und Drang', 0),
(344, 89, 'Operation Barbarossa', 0),
(345, 90, 'Samsonov', 0),
(346, 90, 'Kornilov', 0),
(347, 90, 'Kerensky', 0),
(348, 90, 'Rennenkampf', 1),
(349, 91, 'coulombs/volt', 0),
(350, 91, 'joules/coulomb', 0),
(351, 91, 'coulombs/second', 1),
(352, 91, 'ohms/second', 0),
(353, 92, 'farad', 1),
(354, 92, 'second/ohm', 1),
(355, 92, 'volt', 0),
(356, 92, 'ohms/second', 0),
(357, 93, 'kilogram-meter per second', 0),
(358, 93, 'meter per second squared', 0),
(359, 93, 'kilogram-meter per second squared', 1),
(360, 93, 'kilogram per meter-second', 0),
(361, 94, 'Ohm\'s Law', 0),
(362, 94, 'Ampere\'s Law', 0),
(363, 94, 'Coulomb\'s Law', 1),
(364, 94, 'Newton\'s Second Law', 0),
(365, 95, 'Gauss\'s Law', 0),
(366, 95, 'Faraday\'s Law', 1),
(367, 95, 'Ohm\'s Law', 0),
(368, 95, 'Ampere\'s Law', 0),
(369, 96, 'Snell\'s Law', 0),
(370, 96, 'Huygen\'s Principle', 1),
(371, 96, 'Young\'s Law', 0),
(372, 96, 'Hertz\'s Law', 0),
(373, 97, '200 J', 1),
(374, 97, '100 J', 0),
(375, 97, '300 J', 0),
(376, 97, '10 J', 0),
(377, 98, '0.5 m/s', 0),
(378, 98, '2 m/s', 1),
(379, 98, '10 m/s', 0),
(380, 98, '1 m/s', 0),
(381, 99, '2 s', 0),
(382, 99, '3 s', 0),
(383, 99, '5 s', 0),
(384, 99, '1.5 s', 1),
(385, 100, '1250 m/s', 1),
(386, 100, '125 m/s', 0),
(387, 100, '1200 m/s', 0),
(388, 100, '12 m/s', 0),
(389, 101, '30 deg', 1),
(390, 101, '40 deg', 0),
(391, 101, '35 deg', 0),
(392, 101, '50 deg', 0),
(393, 102, 'twice the original force', 0),
(394, 102, '1/4 the original force', 0),
(395, 102, '4 times the original force', 1),
(396, 102, 'unchanged', 0),
(397, 103, '5 meters per second squared', 1),
(398, 103, '2 meters per second squared', 0),
(399, 103, '5 meters per second', 0),
(400, 103, '2 meters per second', 0),
(401, 104, '18 cm', 0),
(402, 104, '20 cm', 0),
(403, 104, '22 cm', 0),
(404, 104, '25 cm', 1),
(405, 105, '64 atm', 1),
(406, 105, '60 atm', 0),
(407, 105, '164 atm', 0),
(408, 105, '14 atm', 0),
(409, 106, 'protons', 0),
(410, 106, 'electrons', 0),
(411, 106, 'neutrons', 0),
(412, 106, 'photons', 1),
(413, 107, 'microwaves', 0),
(414, 107, 'infra-red light', 0),
(415, 107, 'ultraviolet light', 1),
(416, 107, 'none of these', 0),
(417, 108, 'ultraviolet light', 1),
(418, 108, 'infra-red light', 0),
(419, 108, 'microwaves', 0),
(420, 108, 'none of these', 0),
(421, 109, 'Viruses can eat and metabolize food.', 0),
(422, 109, 'Viruses can reproduce only using a host cell.', 1),
(423, 109, 'Viruses can reproduce on their own at any time.', 0),
(424, 109, 'Viruses contain DNA, so they are alive.', 0),
(425, 110, 'The use of vaccines.', 1),
(426, 110, 'Proper hand washing.', 1),
(427, 110, 'The use of other types of bacteria.', 0),
(428, 110, 'The use of antibiotics.', 0),
(429, 111, 'viruses are living and bacteria are non-living', 0),
(430, 111, 'bacteria are living and viruses are non-living', 1),
(431, 111, 'viruses are biotic and bacteria are abiotic', 0),
(432, 111, 'viruses are prokaryotic and bacteria are eukaryotic', 0),
(433, 112, 'osteoprogenitor cells', 0),
(434, 112, 'osteoblasts', 0),
(435, 112, 'osteocytes', 0),
(436, 112, 'osteoclasts', 1),
(437, 113, 'circumferential lamellae', 0),
(438, 113, 'interstitial lamellae', 0),
(439, 113, 'concentric lamellae', 1),
(440, 113, 'none of the above', 0),
(441, 114, 'cool the skin by evaporative cooling', 0),
(442, 114, 'excrete sweat that dilutes harmful chemicals and has antibacterial properties', 0),
(443, 114, 'excrete metabolites and waste products', 0),
(444, 114, 'all of the above', 1),
(445, 115, 'Mammals make milk to feed their babies.', 1),
(446, 115, 'Mammals do not feed their babies.', 0),
(447, 115, 'Mammals feed their babies with meat.', 0),
(448, 116, 'placentals, monotremes, marsupials', 1),
(449, 116, 'cats, dogs, placentals', 0),
(450, 116, 'monotremes, rats, cows', 0),
(451, 117, 'They are still classed as mammals because once their babies are hatched out they do feed them milk', 1),
(452, 117, 'They are warm blooded', 1),
(453, 117, 'None of these', 0),
(454, 118, 'Mendelssohn and Berlioz', 0),
(455, 118, 'Schubert and Schumann', 0),
(456, 118, 'Handel and Mozart', 0),
(457, 118, 'Haydn and Mozart', 1),
(458, 119, 'Mozart', 1),
(459, 119, 'Handel', 0),
(460, 119, 'Scarlatti', 0),
(461, 119, 'Bach', 0),
(462, 120, 'Surprise', 1),
(463, 120, 'Bear', 0),
(464, 120, 'Military', 0),
(465, 120, 'Hen', 0),
(466, 121, 'The Libertines', 1),
(467, 121, 'Spice girls', 0),
(468, 121, 'AC/DC', 0),
(469, 122, 'The Libertines', 0),
(470, 122, 'Dire Straits', 1),
(471, 122, 'Destiny Child', 0),
(472, 123, 'Break free', 0),
(473, 123, 'She', 0),
(474, 123, 'Is This It?', 1),
(475, 124, 'Hello', 0),
(476, 124, 'We rock', 0),
(477, 124, 'Hey Jude', 1),
(478, 125, 'Bryan Adams – Summer of 69’', 1),
(479, 125, 'Gloria – Gaynor', 0),
(480, 125, 'Bob Marley – Buffalo Soldier', 0),
(481, 126, 'Gloria – Gaynor', 0),
(482, 126, 'Luther Vandross – Never Too Much', 1),
(483, 126, 'Bob Marley – Buffalo Soldier', 0),
(484, 127, 'Luther Vandross – Never Too Much', 0),
(485, 127, 'Bob Marley – Buffalo Soldier', 0),
(486, 127, 'Gloria – Gaynor', 1),
(487, 128, 'Bob Marley – Buffalo Soldier', 1),
(488, 128, 'All Saints – Pure Shores', 0),
(489, 128, 'Toto – Africa', 0),
(490, 129, 'Wayne’s world', 1),
(491, 129, 'Hair', 0),
(492, 129, 'Despicable Me 3', 0),
(493, 130, 'Hair', 0),
(494, 130, 'Notting Hill', 1),
(495, 130, 'Downhill', 0),
(496, 131, 'Despicable Me 1', 1),
(497, 131, 'Despicable Me 2', 0),
(498, 131, 'Despicable Me 3', 0),
(499, 132, 'A spoon full of sugar', 1),
(500, 132, 'A spoon full of cocoa', 0),
(501, 132, 'A spoon full of vanilla', 0),
(502, 133, 'Beyonce', 0),
(503, 133, 'Anastasia', 1),
(504, 133, 'Missy Elliot', 0),
(505, 134, 'Will Young', 1),
(506, 134, 'Beyonce', 0),
(507, 134, 'Rihanna', 0),
(508, 135, 'Roar', 0),
(509, 135, 'Dark house', 0),
(510, 135, 'I kissed a girl', 1),
(511, 136, 'Eurythmics', 1),
(512, 136, 'Cried', 0),
(513, 136, 'Smile', 0),
(514, 137, 'Happy', 0),
(515, 137, 'Survivor', 1),
(516, 137, 'All in', 0),
(517, 138, 'Lipps Inc', 0),
(518, 138, 'Into the Groove', 0),
(519, 138, 'Tiffany', 1),
(520, 139, 'Africa', 0),
(521, 139, 'Asia', 0),
(522, 139, 'North America', 1),
(523, 139, 'Australia', 0),
(524, 140, 'Madagascar', 0),
(525, 140, 'Iceland', 1),
(526, 140, 'Greenland', 0),
(527, 140, 'Australia', 0),
(528, 141, 'Asia', 1),
(529, 141, 'Africa', 0),
(530, 141, 'Europe', 0),
(531, 142, 'Europe', 0),
(532, 142, 'Oceania/Australia', 1),
(533, 142, 'Asia', 0),
(534, 143, 'Oceania/Australia', 0),
(535, 143, 'Europe', 0),
(536, 143, 'Asia', 1),
(537, 144, 'South America', 1),
(538, 144, 'Europe', 0),
(539, 144, 'Asia', 0),
(540, 145, 'Mount Everest', 1),
(541, 145, 'Mount Rilla', 0),
(542, 145, 'Mount Pirin', 0),
(543, 146, 'Lake Victoria', 0),
(544, 146, 'Lake Baikal', 1),
(545, 146, 'Lake The Eye', 0),
(546, 147, 'Caspian Sea', 1),
(547, 147, 'Black Sea', 0),
(548, 147, 'White Sea', 0),
(549, 148, 'Bulgaria', 0),
(550, 148, 'Russia', 1),
(551, 148, 'China', 0),
(552, 149, 'Vatican City', 1),
(553, 149, 'Bulgaria', 0),
(554, 149, 'Serbia', 0),
(555, 150, 'Greenland', 1),
(556, 150, 'Konstantin and Elena', 0),
(557, 150, 'Iceland', 0),
(558, 151, 'Bulgaria', 0),
(559, 151, 'The USA', 0),
(560, 151, 'Sweden', 1),
(561, 152, 'mFd', 0),
(562, 152, 'Fd', 0),
(563, 152, 'F/d', 1),
(564, 153, 'mFd', 0),
(565, 153, 'Fd', 1),
(566, 153, 'F/d', 0),
(567, 154, '400 J', 1),
(568, 154, '100 J', 0),
(569, 154, '250 J', 0),
(570, 155, '100 J', 0),
(571, 155, '800 J', 0),
(572, 155, 'zero', 1),
(573, 156, '1 J', 1),
(574, 156, '2 J', 0),
(575, 156, '5 J', 0),
(576, 157, '400 N/m', 1),
(577, 157, '300 N/m', 0),
(578, 157, '200 N/m', 0),
(579, 158, '10 cm', 0),
(580, 158, '1.3 cm', 0),
(581, 158, '13 cm', 1),
(582, 159, '420 W', 0),
(583, 159, '42 W', 1),
(584, 159, '4 W', 0),
(585, 159, '2 W', 0),
(586, 160, '600 W', 0),
(587, 160, '6000 W', 0),
(588, 160, '60000 W', 0),
(589, 160, '600000 W', 1),
(590, 161, 'μ', 0),
(591, 161, 'μmg', 0),
(592, 161, 'mgv', 0),
(593, 161, 'μmgv', 1),
(594, 162, '3 N', 0),
(595, 162, '300 N', 0),
(596, 162, '3000 N', 1),
(597, 162, '30000 N', 0),
(598, 163, '(1, 3) and (2, 7)', 0),
(599, 163, '(1, 2) and (3, -7)', 0),
(600, 163, '(2, 3) and (-7, 1)', 1),
(601, 163, '(3, 1) and (-7, 2)', 0),
(602, 164, 'x = -3', 0),
(603, 164, 'y = -3', 0),
(604, 164, 'x = 7', 0),
(605, 164, 'y = 7', 1),
(606, 165, 'P = 4a', 1),
(607, 165, 'P = 2a + 2b', 0),
(608, 165, 'P = bh', 0),
(609, 166, 'P = 4a', 0),
(610, 166, 'P = 2a + 2b', 1),
(611, 166, 'P = bh', 0),
(612, 167, 'P = 4a', 0),
(613, 167, 'P = 2a + 2b', 0),
(614, 167, 'P = bh', 1),
(615, 168, 'a x a', 1),
(616, 168, 'a x h', 0),
(617, 168, '(a x h) / 2', 0),
(618, 169, 'a x a', 0),
(619, 169, 'a x h', 0),
(620, 169, '(a x h) / 2', 1),
(621, 170, 'a x a', 0),
(622, 170, 'a x h', 1),
(623, 170, '(a x h) / 2', 0),
(624, 171, '720', 1),
(625, 171, '7200', 0),
(626, 171, '72', 0),
(627, 172, '50', 0),
(628, 172, '5040', 1),
(629, 172, '504', 0),
(630, 173, '180', 0),
(631, 173, '160', 0),
(632, 173, '1680', 1),
(633, 174, '22', 0),
(634, 174, '20', 1),
(635, 174, '200', 0),
(636, 175, '30', 0),
(637, 175, '333', 0),
(638, 175, '330', 1),
(639, 176, '3', 0),
(640, 176, '300', 0),
(641, 176, '3003', 1),
(642, 177, 'Jay Zander', 0),
(643, 177, 'Shaun Carter', 1),
(644, 177, 'Jayden Smith', 0),
(645, 178, 'Chris Brown', 1),
(646, 178, 'Jay-Z', 0),
(647, 178, 'Eminem', 0),
(648, 179, 'Queen', 0),
(649, 179, 'Metallica', 0),
(650, 179, 'Led Zeppelin', 1),
(651, 180, 'Jimi Hendrix', 1),
(652, 180, 'Henry Jim', 0),
(653, 180, 'Jim Hen', 0),
(654, 181, 'Fergie', 1),
(655, 181, 'Beyonce', 0),
(656, 181, 'Rihanna', 0),
(657, 182, 'Madonna', 0),
(658, 182, 'Avril Lavigne', 1),
(659, 182, 'Gwen Stefani', 0),
(660, 183, 'No. 9', 1),
(661, 183, 'No. 3', 0),
(662, 183, 'No. 4', 0),
(663, 184, 'The Pathetic', 0),
(664, 184, 'The Jupiter', 0),
(665, 184, 'The Pastoral', 1),
(666, 185, 'Wolfgang Amadeus Mozart', 1),
(667, 185, 'Mark Mozart', 0),
(668, 185, 'Wolf Mozart', 0),
(669, 186, '1756', 1),
(670, 186, '1755', 0),
(671, 186, '1777', 0),
(672, 187, '1999', 0),
(673, 187, '1791', 1),
(674, 187, '1777', 0),
(675, 188, 'A sport like basketball', 0),
(676, 188, 'A sport where you run and do field events such as shot and discus', 1),
(677, 189, 'True', 1),
(678, 189, 'False', 0),
(679, 190, 'Running', 1),
(680, 190, 'Javelin throw', 1),
(681, 190, 'Fight', 0),
(682, 190, 'Jumps (in length, in height)', 1),
(683, 191, 'Seattle Mariners', 1),
(684, 191, 'Pittsburgh Pirates', 0),
(685, 191, 'Boston Red Sox', 0),
(686, 192, 'Babe Ruth', 0),
(687, 192, 'Derek Jeter', 0),
(688, 192, 'Cal Ripken, Jr.', 1),
(689, 193, 'Wrigley Field', 0),
(690, 193, 'Fenway Park', 1),
(691, 193, 'Yankee Stadium', 0),
(692, 194, 'The age you are allowed to swim', 0),
(693, 194, 'The date', 0),
(694, 194, 'They don’t mean anything', 0),
(695, 194, 'The depth of the water', 1),
(696, 195, 'Poolside brush', 0),
(697, 195, 'A football', 0),
(698, 195, 'Floats', 1),
(699, 195, 'Swimming cap', 0),
(700, 196, 'Side step', 1),
(701, 196, 'Breaststroke', 0),
(702, 196, 'Front crawl', 0),
(703, 196, 'Back crawl', 0),
(704, 197, 'a gymnastics event for women, who perform acrobatic and dance moves on a floor area', 1),
(705, 197, 'an Olympic sport, in which athletes compete against each other on different apparatus', 0),
(706, 197, 'a piece of sports equipment which you use for jumping on', 0),
(707, 198, 'a piece of sports equipment which you use for jumping on', 1),
(708, 198, 'a piece of sports equipment which you use for dancing on', 0),
(709, 198, 'a gymnastics event for women, who perform acrobatic and dance moves on a floor area', 0),
(710, 199, 'a large ring, made of plastic or wood', 0),
(711, 199, 'a strong, thick string', 0),
(712, 199, 'a wooden bar on which gymnasts balance and perform acrobatic moves', 1),
(713, 200, 'A player does this to start a rally.', 0),
(714, 200, 'This part of a tennis match has six or more games.', 1),
(715, 200, 'In this kind of tennis match, a man plays against a man.', 0),
(716, 200, 'Starts with a serve, and ends when a player fails to hit the ball back.', 0),
(717, 201, 'This is what a player must do after his (her) opponent serves the ball.', 0),
(718, 201, 'Starts with a serve, and ends when a player fails to hit the ball back.', 0),
(719, 201, 'This part of a tennis match has six or more games.', 1),
(720, 201, 'In this kind of tennis match, a man plays against a man.', 0),
(721, 202, 'A player does this to start a rally.', 0),
(722, 202, 'In this kind of tennis match, a man plays against a man.', 0),
(723, 202, 'This is what a player must do after his (her) opponent serves the ball.', 0),
(724, 202, 'A player does this to start a rally.', 1),
(725, 203, 'A player does this to start a rally.', 0),
(726, 203, 'A player does this to start a rally.', 0),
(727, 203, 'In this kind of tennis match, a man plays against a man.', 0),
(728, 203, 'This piece of equipment has strings and a handle, and is used to hit the ball.', 1),
(729, 204, '97', 1),
(730, 204, '50', 0),
(731, 204, '67', 0),
(732, 205, '9', 0),
(733, 205, '11', 1),
(734, 205, '15', 0),
(735, 206, 'Bill Tilden', 0),
(736, 206, 'Jean René Lacoste', 0),
(737, 206, 'Fred Perry', 1),
(738, 207, 'Defense', 0),
(739, 207, 'Offense', 1),
(740, 207, 'Ballers', 0),
(741, 207, 'Special Team', 0),
(742, 208, '2 points', 1),
(743, 208, '3 points', 0),
(744, 208, '1 point', 0),
(745, 208, '4 points', 0),
(746, 209, 'Chest, Hurl, Chuck', 0),
(747, 209, 'Lob, Hand-off, Roll', 0),
(748, 209, 'Chest , Toss, Swing', 0),
(749, 209, 'Chest, Bounce, Lob', 1),
(750, 210, 'Paris', 1),
(751, 210, 'Sofia', 0),
(752, 210, 'Rome', 0),
(753, 211, '120', 0),
(754, 211, '116', 1),
(755, 211, '130', 0),
(756, 212, '5', 1),
(757, 212, '3', 0),
(758, 212, '7', 0),
(759, 213, 'white', 1),
(760, 213, 'red', 0),
(761, 213, 'blue', 0),
(762, 214, 'Senpai', 0),
(763, 214, 'Sensei', 1),
(764, 214, 'Master', 0),
(765, 215, '2', 0),
(766, 215, '3', 1),
(767, 215, '1', 0),
(768, 216, 'Mewashagerti', 0),
(769, 216, ' Maegerrtireti', 0),
(770, 216, 'Maegerrti', 1),
(771, 217, 'Yellow', 0),
(772, 217, 'Brown', 1),
(773, 217, 'Red', 0),
(774, 218, 'China', 0),
(775, 218, 'Japan', 0),
(776, 218, 'Korea', 1),
(777, 219, 'Dobok', 1),
(778, 219, 'Kobok', 0),
(779, 219, 'Sobok', 0),
(780, 220, 'Who eats who', 0),
(781, 220, 'The route of food to the shops', 0),
(782, 220, 'The movement of energy between organisms', 1),
(783, 221, 'A lake', 0),
(784, 221, 'A prairie', 0),
(785, 221, 'All of these', 1),
(786, 222, 'The migration of organisms', 0),
(787, 222, 'Human interference', 1),
(788, 222, 'Competition', 0),
(789, 223, 'ribosomes', 0),
(790, 223, 'lysosomes', 0),
(791, 223, 'autosomes', 1),
(792, 224, 'Chromosomal deletion', 1),
(793, 224, 'Chromosomal duplication', 0),
(794, 224, 'Chromosomal mutation', 0),
(795, 225, 'a clinically normal female', 0),
(796, 225, 'an abnormal female', 1),
(797, 225, 'a Turner\'s individual', 0),
(798, 226, 'Phe', 1),
(799, 226, 'Lys', 0),
(800, 226, 'Cys', 0),
(801, 227, 'trypsin', 0),
(802, 227, 'trypsin followed by carboxypeptidase', 1),
(803, 227, 'trypsin followed by mild acid', 0),
(804, 228, 'A could contain mainly α-helix, B could contain equal amounts of α-helix and β-sheet', 1),
(805, 228, 'A could have a low energy conformation while B could have a high energy conformation', 0),
(806, 228, 'A could be a type of collagen while B could be a type of keratin', 0),
(807, 229, 'A disulfide bond could form between two prosthetic groups', 0),
(808, 229, 'A salt bridge could form between two chaperones', 0),
(809, 229, 'Could contain areas of repeating secondary structure stabilized  by hydrogen bonds', 1),
(810, 230, 'can fly', 0),
(811, 230, 'has feathers', 1),
(812, 230, 'builds a nest', 0),
(813, 231, 'eagle', 1),
(814, 231, 'penguin', 0),
(815, 231, 'kiwi', 0),
(816, 232, 'extinction', 0),
(817, 232, 'hibernation', 0),
(818, 232, 'migration', 1),
(819, 233, '198, more than 400', 0),
(820, 233, '206, more than 600', 1),
(821, 233, '300, more than 1,000', 0),
(822, 234, 'Ball and socket joint', 1),
(823, 234, 'Bend joint', 0),
(824, 234, 'Hinge joint', 1),
(825, 234, 'Squeeze joint', 0),
(826, 235, 'True', 1),
(827, 235, 'False', 0),
(828, 236, 'True', 1),
(829, 236, 'False', 0),
(830, 237, 'D and Ca', 1),
(831, 237, 'A and Mg', 0),
(832, 237, 'C and Na', 0),
(833, 238, 'Lipids, Vitamins, Metals, Nucleic Acids', 0),
(834, 238, 'Proteins, Carbohydrates, Lipids, Nucleic Acids', 1),
(835, 238, 'Proteins, Water, Soap, Carbohydrates', 0),
(836, 239, 'Water', 1),
(837, 239, 'Blood', 0),
(838, 239, 'Secret', 0),
(839, 240, 'Scarab', 1),
(840, 240, 'Goliath', 0),
(841, 240, 'Bee', 0),
(842, 241, '2', 0),
(843, 241, '3', 1),
(844, 241, '4', 0),
(845, 242, '4', 0),
(846, 242, '5', 0),
(847, 242, '6', 1),
(848, 243, 'maintaining Ca-level in the blood', 1),
(849, 243, 'Blood clotting', 0),
(850, 243, 'Protect the body from damage', 0),
(851, 243, 'The health of the skin', 0),
(852, 244, 'Vitamin A', 1),
(853, 244, 'Vitamin C', 1),
(854, 244, 'Vitamin D', 1),
(855, 244, 'None of these', 0),
(856, 245, 'Vitamin A', 0),
(857, 245, 'Vitamin C', 0),
(858, 245, 'Vitamin D', 1),
(859, 245, 'Vitamin B9', 0),
(860, 246, 'Vitamin B12', 0),
(861, 246, 'Vitamin B1', 1),
(862, 246, 'Vitamin B9', 0),
(863, 247, 'Vitamin D', 0),
(864, 247, 'Pantothenic Acid', 0),
(865, 247, 'Folate', 1),
(866, 248, 'Vitamin C', 1),
(867, 248, 'Vitamin A', 0),
(868, 248, 'Vitamin B2', 0),
(869, 249, '1st', 0),
(870, 249, '2nd', 0),
(871, 249, '3rd', 1),
(872, 250, '1st', 1),
(873, 250, '2nd', 0),
(874, 250, '3rd', 0),
(875, 251, '1st', 0),
(876, 251, '2nd', 1),
(877, 251, '3rd', 0),
(878, 252, 'Celsius', 0),
(879, 252, 'Kelvin', 1),
(880, 252, 'Fahrenheit', 0),
(881, 253, '6 atm', 1),
(882, 253, '3 atm', 0),
(883, 253, '2 atm', 0),
(884, 254, 'Quadruples', 0),
(885, 254, 'Triples', 0),
(886, 254, 'Doubles', 1),
(887, 255, '196 J', 1),
(888, 255, '166 J', 0),
(889, 255, '146 J', 0),
(890, 256, '167 J', 0),
(891, 256, '147 J', 1),
(892, 256, '157 J', 0),
(893, 257, 'Size of the drug', 0),
(894, 257, 'Rate of dissolution', 1),
(895, 257, 'Rate of drug disintegration', 0),
(896, 258, '3-4mg/ml', 0),
(897, 258, '7-8 mg/ml', 0),
(898, 258, '1-2 mg/ml', 1),
(899, 259, 'Diffusion layer model', 0),
(900, 259, 'Fick’s law of diffusion', 1),
(901, 259, 'Interfacial barrier model', 0),
(902, 260, 'True', 1),
(903, 260, 'False', 0),
(904, 261, 'Convection', 0),
(905, 261, 'Induction', 1),
(906, 262, 'True', 1),
(907, 262, 'False', 0),
(908, 263, 'magnet', 0),
(909, 263, 'switch', 1),
(910, 264, 'C, Si, Ge, Sn, Pb', 1),
(911, 264, 'O, Si, Na, Ca, Pb', 0),
(912, 264, 'Ca, Si, Mg, K, S', 0),
(913, 265, '3', 0),
(914, 265, '2', 0),
(915, 265, '4', 1),
(916, 266, 'pnictogens', 1),
(917, 266, 'metals', 0),
(918, 266, 'gasses', 0),
(919, 267, '2', 0),
(920, 267, '4', 0),
(921, 267, '5', 1),
(922, 268, 'chalcogens', 1),
(923, 268, 'metals', 0),
(924, 268, 'halogens', 0),
(925, 268, 'gasses', 0),
(926, 269, 'O, S', 1),
(927, 269, 'Na, K', 0),
(928, 269, 'Se, Te', 1),
(929, 269, 'C, Sr', 0),
(930, 270, 'F', 1),
(931, 270, 'Cl', 0),
(932, 270, 'Br', 0),
(933, 271, 'metals', 0),
(934, 271, 'halogens', 1),
(935, 271, 'oxygens', 0),
(936, 272, 'RCHO', 1),
(937, 272, 'RCOOH', 0),
(938, 272, 'RH', 0),
(939, 273, 'RCHO', 0),
(940, 273, 'RCOOH', 1),
(941, 273, 'RH', 0),
(942, 274, 'acetone', 1),
(943, 274, 'water', 0),
(944, 274, 'acetylene', 0),
(945, 275, 'RC(=O)R\'', 1),
(946, 275, 'RH', 0),
(947, 275, 'RCOOH', 0),
(948, 276, 'C=C', 0),
(949, 276, 'C-C', 0),
(950, 276, 'COOH', 1),
(951, 277, 'acetic acid', 0),
(952, 277, 'propionic acid', 0),
(953, 277, 'fluoroantimonic acid', 1),
(954, 278, 'ethane', 0),
(955, 278, 'methane', 0),
(956, 278, 'benzene', 1),
(957, 279, 'ArCH3', 1),
(958, 279, 'ArH', 0),
(959, 279, 'ArCH2CH3', 0),
(960, 280, '3', 0),
(961, 280, '9', 0),
(962, 280, '27', 1),
(963, 281, 'cubic metre', 1),
(964, 281, 'metre', 0),
(965, 281, 'square metre', 0),
(966, 282, 'exponents', 1),
(967, 282, 'numbers', 0),
(968, 282, 'bases', 0),
(969, 283, '25', 1),
(970, 283, '5', 0),
(971, 283, '10', 0),
(972, 284, '1939–45', 1),
(973, 284, '1919–44', 0),
(974, 284, '1929–55', 0),
(975, 284, '1929–45', 0),
(976, 285, 'France, Great Britain', 1),
(977, 285, 'the United States, the Soviet Union, China', 1),
(978, 285, 'Japan, Bulgaria', 0),
(979, 285, 'Korea, Brazil', 0),
(980, 286, 'the study of pharaonic Egypt', 1),
(981, 286, 'the study of Egypt\'s traditions', 1),
(982, 286, 'the study of Egypt\'s pyramides', 1),
(983, 287, 'Kairo', 1),
(984, 287, 'Nille', 0),
(985, 287, 'Somewhere else', 0),
(986, 288, '753 B.C', 1),
(987, 288, '853 B.C', 0),
(988, 288, '953 B.C', 0),
(989, 289, 'Spain', 0),
(990, 289, 'Italy', 1),
(991, 289, 'France', 0),
(992, 290, 'Killing Julius Caesar', 0),
(993, 290, 'Becoming the first emperor of Rome', 1),
(994, 290, 'Becoming the last emperor of Rome', 0),
(995, 291, 'Bethlehem', 1),
(996, 291, 'Jerusalem', 0),
(997, 291, 'Nazareth', 0),
(998, 292, '“There is no room in the inn.”', 0),
(999, 292, '“I have a stable you can use.”', 0),
(1000, 292, 'None of these', 1),
(1001, 293, '1', 1),
(1002, 293, '2', 0),
(1003, 293, '3', 0),
(1004, 294, '3000 BC – 1200 BC', 1),
(1005, 294, '2000 BC – 1200 BC', 0),
(1006, 294, '4000 BC – 2200 BC', 0),
(1007, 295, ' Neolithic period, Iron Age', 1),
(1008, 295, ' Iron Age, Neolithic period', 0),
(1009, 295, 'Stone Age, Iron Age', 0),
(1010, 296, 'grass', 0),
(1011, 296, 'ice', 1),
(1012, 296, 'water', 0),
(1013, 297, 'puck', 1),
(1014, 297, 'ball', 0),
(1015, 297, 'stick', 1),
(1016, 298, 'an individual sport', 1),
(1017, 298, 'a team sport', 0),
(1018, 298, 'a racquet sport', 1),
(1019, 298, 'a ball sport', 0),
(1020, 299, 'India', 1),
(1021, 299, 'Spain', 0),
(1022, 299, 'France', 0),
(1023, 299, 'Bulgaria', 0),
(1024, 300, 'a forward dive', 1),
(1025, 300, 'an inward dive', 1),
(1026, 300, 'a back dive', 1),
(1027, 300, 'none of these', 0),
(1028, 301, '7, 8', 1),
(1029, 301, '6, 8', 0),
(1030, 301, '7, 9', 0),
(1031, 301, '5, 6', 0),
(1032, 302, '500 BC – 332 BC', 1),
(1033, 302, '600 BC – 332 BC', 0),
(1034, 302, '500 BC – 432 BC', 0),
(1035, 303, 'about 700 years', 0),
(1036, 303, 'about 800 years', 1),
(1037, 303, 'about 600 years', 0),
(1038, 304, 'Paleolithic, Mesolithic, and Neolithic', 1),
(1039, 304, 'Iron, Mesolithic, and Neolithic', 0),
(1040, 304, 'Paleolithic, Bronze, and Neolithic', 0),
(1041, 305, '2.6', 1),
(1042, 305, '3.6', 0),
(1043, 305, '4.6', 0),
(1044, 306, 'Sofia', 1),
(1045, 306, 'Rome', 0),
(1046, 306, 'Madrid', 0),
(1047, 307, 'Sofia', 0),
(1048, 307, 'Rome', 0),
(1049, 307, 'Madrid', 1),
(1050, 308, 'Sofia', 0),
(1051, 308, 'Rome', 1),
(1052, 308, 'Madrid', 0),
(1053, 309, 'Nile', 1),
(1054, 309, 'Amazon', 0),
(1055, 309, 'Dunav', 0),
(1056, 310, 'Nile', 0),
(1057, 310, 'Amazon', 1),
(1058, 310, 'Dunav', 0),
(1059, 311, 'Tropical', 1),
(1060, 311, 'Boreal', 0),
(1061, 311, 'Subtropical', 1),
(1062, 311, 'None of these', 0),
(1063, 312, 'The Primorye Forest', 1),
(1064, 312, 'The Burmese tropical rain forest.', 0),
(1065, 312, 'The Valdivian Rainforest', 0),
(1066, 313, 'sand', 1),
(1067, 313, 'grass', 0),
(1068, 313, 'water', 0),
(1069, 314, 'Sahara', 0),
(1070, 314, 'Antarctic desert', 1),
(1071, 314, 'Arabian Desert', 0),
(1072, 315, 'Malay', 1),
(1073, 315, 'Java', 0),
(1074, 315, 'Australia', 0),
(1075, 316, 'Chicago', 0),
(1076, 316, 'Alaska', 1),
(1077, 316, 'Washington', 0);

INSERT INTO `history` (`id`, `userID`, `quizID`, `started`, `finished`, `score`) VALUES
(1, 21, 63, '2020-11-29 17:59:03', '2020-11-29 17:59:05', 0),
(2, 21, 83, '2020-11-29 17:59:13', '2020-11-29 17:59:23', 7),
(3, 21, 76, '2020-11-29 17:59:31', '2020-11-29 17:59:38', 2),
(4, 21, 1, '2020-11-29 17:59:47', '2020-11-29 18:00:07', 4),
(5, 21, 75, '2020-11-29 18:00:13', '2020-11-29 18:00:19', 2),
(6, 21, 26, '2020-11-29 18:00:26', '2020-11-29 18:00:32', 1),
(7, 22, 70, '2020-11-29 18:01:01', '2020-11-29 18:01:05', 6),
(8, 22, 8, '2020-11-29 18:01:11', '2020-11-29 18:01:32', 3),
(9, 22, 73, '2020-11-29 18:01:40', '2020-11-29 18:01:43', 4),
(10, 22, 90, '2020-11-29 18:01:48', '2020-11-29 18:01:51', 2),
(11, 22, 97, '2020-11-29 18:02:00', '2020-11-29 18:02:03', 0),
(12, 23, 56, '2020-11-29 18:02:28', '2020-11-29 18:02:32', 3),
(13, 23, 55, '2020-11-29 18:02:40', '2020-11-29 18:02:48', 0),
(14, 23, 60, '2020-11-29 18:02:55', '2020-11-29 18:03:03', 5),
(15, 23, 26, '2020-11-29 18:03:13', '2020-11-29 18:03:18', 0),
(16, 23, 6, '2020-11-29 18:03:28', '2020-11-29 18:03:44', 4),
(17, 24, 65, '2020-11-29 18:04:06', '2020-11-29 18:04:12', 2),
(18, 24, 22, '2020-11-29 18:04:19', '2020-11-29 18:04:23', 0),
(19, 24, 7, '2020-11-29 18:04:29', '2020-11-29 18:04:35', 3),
(20, 24, 18, '2020-11-29 18:04:43', '2020-11-29 18:04:49', 11),
(21, 24, 36, '2020-11-29 18:05:03', '2020-11-29 18:05:06', 0),
(22, 24, 88, '2020-11-29 18:05:13', '2020-11-29 18:05:17', 5),
(23, 25, 45, '2020-11-29 18:05:37', '2020-11-29 18:05:41', 4),
(24, 25, 31, '2020-11-29 18:05:46', '2020-11-29 18:05:56', 3),
(25, 25, 90, '2020-11-29 18:06:04', '2020-11-29 18:06:11', 4),
(26, 25, 3, '2020-11-29 18:06:17', '2020-11-29 18:06:39', 9),
(27, 25, 5, '2020-11-29 18:06:50', '2020-11-29 18:07:01', 7),
(28, 26, 28, '2020-11-29 18:07:39', '2020-11-29 18:07:50', 9),
(29, 26, 32, '2020-11-29 18:07:59', '2020-11-29 18:08:02', 2),
(30, 26, 3, '2020-11-29 18:08:07', '2020-11-29 18:08:27', 9),
(31, 26, 43, '2020-11-29 18:08:35', '2020-11-29 18:08:44', 3),
(32, 26, 59, '2020-11-29 18:08:52', '2020-11-29 18:09:04', 7),
(33, 27, 23, '2020-11-29 18:09:28', '2020-11-29 18:09:38', 5),
(34, 27, 66, '2020-11-29 18:09:45', '2020-11-29 18:09:59', 5),
(35, 27, 21, '2020-11-29 18:10:06', '2020-11-29 18:10:10', 0),
(36, 27, 64, '2020-11-29 18:10:19', '2020-11-29 18:10:22', 3),
(37, 27, 63, '2020-11-29 18:10:36', '2020-11-29 18:10:40', 5),
(38, 28, 88, '2020-11-29 18:11:00', '2020-11-29 18:11:04', 0),
(39, 28, 95, '2020-11-29 18:11:14', '2020-11-29 18:11:19', 2),
(40, 28, 87, '2020-11-29 18:11:26', '2020-11-29 18:11:29', 1),
(41, 28, 43, '2020-11-29 18:11:55', '2020-11-29 18:12:01', 3),
(42, 28, 2, '2020-11-29 18:12:09', '2020-11-29 18:12:48', 7),
(43, 29, 40, '2020-11-29 18:13:58', '2020-11-29 18:14:03', 2),
(44, 29, 73, '2020-11-29 18:14:10', '2020-11-29 18:14:14', 8),
(45, 29, 24, '2020-11-29 18:14:23', '2020-11-29 18:14:27', 4),
(46, 29, 48, '2020-11-29 18:14:38', '2020-11-29 18:14:41', 2),
(47, 29, 94, '2020-11-29 18:14:47', '2020-11-29 18:14:51', 1),
(48, 29, 89, '2020-11-29 18:15:03', '2020-11-29 18:15:12', 6),
(49, 30, 41, '2020-11-29 18:15:47', '2020-11-29 18:15:52', 0),
(50, 30, 4, '2020-11-29 18:15:59', '2020-11-29 18:16:05', 1),
(51, 30, 96, '2020-11-29 18:16:17', '2020-11-29 18:16:23', 6),
(52, 30, 97, '2020-11-29 18:16:30', '2020-11-29 18:16:33', 3),
(53, 30, 13, '2020-11-29 18:16:49', '2020-11-29 18:16:55', 11),
(54, 31, 40, '2020-11-29 18:17:20', '2020-11-29 18:17:23', 0),
(55, 31, 17, '2020-11-29 18:17:29', '2020-11-29 18:17:33', 4),
(56, 31, 84, '2020-11-29 18:17:40', '2020-11-29 18:17:46', 4),
(57, 31, 49, '2020-11-29 18:17:53', '2020-11-29 18:17:59', 6),
(58, 31, 73, '2020-11-29 18:18:05', '2020-11-29 18:18:08', 4),
(59, 32, 51, '2020-11-29 18:18:31', '2020-11-29 18:18:37', 7),
(60, 32, 52, '2020-11-29 18:18:42', '2020-11-29 18:18:47', 4),
(61, 32, 93, '2020-11-29 18:18:52', '2020-11-29 18:18:55', 3),
(62, 32, 58, '2020-11-29 18:19:01', '2020-11-29 18:19:07', 0),
(63, 32, 59, '2020-11-29 18:19:13', '2020-11-29 18:19:21', 7),
(64, 32, 54, '2020-11-29 18:19:31', '2020-11-29 18:19:35', 2),
(65, 32, 56, '2020-11-29 18:19:41', '2020-11-29 18:19:44', 0),
(66, 32, 53, '2020-11-29 18:19:50', '2020-11-29 18:19:59', 6),
(67, 32, 55, '2020-11-29 18:20:06', '2020-11-29 18:20:12', 1),
(68, 32, 60, '2020-11-29 18:20:17', '2020-11-29 18:20:25', 5),
(69, 32, 91, '2020-11-29 18:20:31', '2020-11-29 18:20:36', 1),
(70, 32, 57, '2020-11-29 18:20:41', '2020-11-29 18:20:45', 3),
(71, 32, 92, '2020-11-29 18:20:54', '2020-11-29 18:20:59', 1),
(72, 32, 80, '2020-11-29 18:21:09', '2020-11-29 18:21:13', 5),
(73, 32, 83, '2020-11-29 18:21:18', '2020-11-29 18:21:22', 7),
(74, 32, 7, '2020-11-29 18:21:27', '2020-11-29 18:21:35', 7),
(75, 32, 10, '2020-11-29 18:21:44', '2020-11-29 18:22:02', 10),
(76, 33, 100, '2020-11-29 18:22:33', '2020-11-29 18:22:36', 4),
(77, 33, 70, '2020-11-29 18:22:48', '2020-11-29 18:22:52', 0),
(78, 33, 21, '2020-11-29 18:22:58', '2020-11-29 18:23:02', 6),
(79, 33, 99, '2020-11-29 18:23:07', '2020-11-29 18:23:10', 3),
(80, 33, 61, '2020-11-29 18:23:18', '2020-11-29 18:23:22', 2),
(81, 33, 28, '2020-11-29 18:23:34', '2020-11-29 18:23:38', 0),
(82, 33, 88, '2020-11-29 18:24:06', '2020-11-29 18:24:09', 0),
(83, 33, 98, '2020-11-29 18:24:14', '2020-11-29 18:24:16', 3),
(84, 33, 51, '2020-11-29 18:24:30', '2020-11-29 18:24:34', 1),
(85, 33, 74, '2020-11-29 18:24:45', '2020-11-29 18:24:48', 2),
(86, 33, 85, '2020-11-29 18:24:59', '2020-11-29 18:25:02', 5),
(87, 34, 63, '2020-11-29 18:25:30', '2020-11-29 18:25:35', 5),
(88, 34, 50, '2020-11-29 18:25:46', '2020-11-29 18:25:52', 2),
(89, 34, 47, '2020-11-29 18:26:00', '2020-11-29 18:26:03', 0),
(90, 34, 46, '2020-11-29 18:26:13', '2020-11-29 18:26:20', 2),
(91, 34, 45, '2020-11-29 18:26:26', '2020-11-29 18:26:29', 8),
(92, 35, 35, '2020-11-29 18:29:03', '2020-11-29 18:29:09', 3),
(93, 35, 42, '2020-11-29 18:29:17', '2020-11-29 18:29:27', 6),
(94, 35, 44, '2020-11-29 18:29:36', '2020-11-29 18:29:39', 4),
(95, 35, 97, '2020-11-29 18:29:49', '2020-11-29 18:29:51', 2),
(96, 35, 31, '2020-11-29 18:29:56', '2020-11-29 18:29:59', 1),
(97, 36, 67, '2020-11-29 18:32:04', '2020-11-29 18:32:07', 0),
(98, 36, 61, '2020-11-29 18:32:12', '2020-11-29 18:32:18', 2),
(99, 36, 62, '2020-11-29 18:32:23', '2020-11-29 18:32:27', 0),
(100, 36, 68, '2020-11-29 18:32:37', '2020-11-29 18:32:41', 0),
(101, 36, 70, '2020-11-29 18:32:54', '2020-11-29 18:32:58', 4),
(102, 37, 82, '2020-11-29 18:33:27', '2020-11-29 18:33:36', 6),
(103, 37, 81, '2020-11-29 18:33:43', '2020-11-29 18:33:45', 4),
(104, 37, 33, '2020-11-29 18:33:55', '2020-11-29 18:33:57', 2),
(105, 37, 35, '2020-11-29 18:34:06', '2020-11-29 18:34:08', 3),
(106, 37, 42, '2020-11-29 18:34:20', '2020-11-29 18:34:23', 4),
(107, 38, 99, '2020-11-29 18:34:47', '2020-11-29 18:34:50', 0),
(108, 38, 19, '2020-11-29 18:34:55', '2020-11-29 18:34:59', 6),
(109, 38, 30, '2020-11-29 18:35:06', '2020-11-29 18:35:09', 1),
(110, 38, 20, '2020-11-29 18:35:19', '2020-11-29 18:35:23', 0),
(111, 38, 3, '2020-11-29 18:35:29', '2020-11-29 18:35:47', 9),
(112, 40, 71, '2020-11-29 18:36:23', '2020-11-29 18:36:26', 0),
(113, 40, 16, '2020-11-29 18:36:33', '2020-11-29 18:36:37', 3),
(114, 40, 27, '2020-11-29 18:36:47', '2020-11-29 18:36:53', 0),
(115, 40, 48, '2020-11-29 18:37:02', '2020-11-29 18:37:05', 0),
(116, 40, 3, '2020-11-29 18:37:10', '2020-11-29 18:37:29', 7),
(117, 41, 91, '2020-11-29 22:00:02', '2020-11-29 22:00:05', 1),
(118, 41, 95, '2020-11-29 22:00:18', '2020-11-29 22:00:21', 5),
(119, 41, 15, '2020-11-29 22:00:29', '2020-11-29 22:00:37', 1),
(120, 41, 86, '2020-11-29 22:00:46', '2020-11-29 22:00:49', 1),
(121, 41, 33, '2020-11-29 22:00:55', '2020-11-29 22:00:57', 1),
(122, 41, 12, '2020-11-29 22:01:04', '2020-11-29 22:01:09', 3),
(123, 41, 90, '2020-11-29 22:01:14', '2020-11-29 22:01:16', 0),
(124, 42, 43, '2020-11-29 22:01:43', '2020-11-29 22:01:48', 3),
(125, 42, 2, '2020-11-29 22:01:58', '2020-11-29 22:02:12', 6),
(126, 42, 24, '2020-11-29 22:02:19', '2020-11-29 22:02:22', 4),
(127, 42, 52, '2020-11-29 22:02:26', '2020-11-29 22:02:29', 0),
(128, 42, 7, '2020-11-29 22:02:35', '2020-11-29 22:02:40', 4),
(129, 42, 88, '2020-11-29 22:04:37', '2020-11-29 22:04:42', 5),
(130, 42, 9, '2020-11-29 22:04:48', '2020-11-29 22:04:55', 0),
(131, 42, 11, '2020-11-29 22:05:00', '2020-11-29 22:05:07', 5),
(132, 42, 14, '2020-11-29 22:05:15', '2020-11-29 22:05:23', 4),
(133, 43, 63, '2020-11-29 22:05:47', '2020-11-29 22:05:50', 2),
(134, 43, 65, '2020-11-29 22:05:54', '2020-11-29 22:05:59', 2),
(135, 43, 67, '2020-11-29 22:06:03', '2020-11-29 22:06:05', 0),
(136, 43, 61, '2020-11-29 22:06:10', '2020-11-29 22:06:15', 4),
(137, 43, 68, '2020-11-29 22:06:20', '2020-11-29 22:06:23', 5),
(138, 43, 64, '2020-11-29 22:06:28', '2020-11-29 22:06:32', 3),
(139, 43, 62, '2020-11-29 22:06:36', '2020-11-29 22:06:40', 5),
(140, 44, 82, '2020-11-29 22:07:09', '2020-11-29 22:07:12', 1),
(141, 44, 30, '2020-11-29 22:07:18', '2020-11-29 22:07:20', 2),
(142, 44, 3, '2020-11-29 22:07:25', '2020-11-29 22:07:42', 8),
(143, 44, 43, '2020-11-29 22:07:47', '2020-11-29 22:07:51', 3),
(144, 44, 16, '2020-11-29 22:07:59', '2020-11-29 22:08:02', 0),
(145, 44, 49, '2020-11-29 22:08:21', '2020-11-29 22:08:27', 6),
(146, 45, 52, '2020-11-29 22:08:55', '2020-11-29 22:08:59', 0),
(147, 45, 21, '2020-11-29 22:09:06', '2020-11-29 22:09:10', 6),
(148, 45, 22, '2020-11-29 22:09:20', '2020-11-29 22:09:24', 2),
(149, 45, 23, '2020-11-29 22:09:30', '2020-11-29 22:09:33', 1),
(150, 45, 24, '2020-11-29 22:09:38', '2020-11-29 22:09:42', 0),
(151, 45, 25, '2020-11-29 22:09:46', '2020-11-29 22:09:58', 1),
(152, 45, 26, '2020-11-29 22:10:05', '2020-11-29 22:10:10', 2),
(153, 46, 27, '2020-11-29 22:10:44', '2020-11-29 22:10:59', 8),
(154, 46, 28, '2020-11-29 22:11:04', '2020-11-29 22:11:10', 6),
(155, 46, 29, '2020-11-29 22:11:15', '2020-11-29 22:11:18', 4),
(156, 46, 30, '2020-11-29 22:11:26', '2020-11-29 22:11:29', 0),
(157, 46, 31, '2020-11-29 22:11:37', '2020-11-29 22:11:40', 1),
(158, 46, 32, '2020-11-29 22:11:45', '2020-11-29 22:11:52', 4),
(159, 46, 3, '2020-11-29 22:11:57', '2020-11-29 22:12:17', 9),
(160, 46, 33, '2020-11-29 22:12:23', '2020-11-29 22:12:28', 2),
(161, 46, 34, '2020-11-29 22:12:33', '2020-11-29 22:12:39', 2),
(162, 46, 35, '2020-11-29 22:12:47', '2020-11-29 22:12:54', 3),
(163, 47, 35, '2020-11-29 22:13:34', '2020-11-29 22:13:38', 3),
(164, 47, 36, '2020-11-29 22:13:43', '2020-11-29 22:13:47', 1),
(165, 47, 37, '2020-11-29 22:13:55', '2020-11-29 22:13:58', 1),
(166, 47, 41, '2020-11-29 22:14:02', '2020-11-29 22:14:05', 0),
(167, 47, 42, '2020-11-29 22:14:09', '2020-11-29 22:14:20', 6),
(168, 47, 43, '2020-11-29 22:14:25', '2020-11-29 22:14:30', 3),
(169, 47, 44, '2020-11-29 22:14:35', '2020-11-29 22:14:40', 8),
(170, 48, 44, '2020-11-29 22:15:11', '2020-11-29 22:15:17', 4),
(171, 48, 46, '2020-11-29 22:15:22', '2020-11-29 22:15:26', 2),
(172, 48, 47, '2020-11-29 22:15:30', '2020-11-29 22:15:37', 1),
(173, 48, 48, '2020-11-29 22:15:41', '2020-11-29 22:15:44', 2),
(174, 48, 49, '2020-11-29 22:15:49', '2020-11-29 22:15:52', 6),
(175, 48, 50, '2020-11-29 22:15:57', '2020-11-29 22:16:04', 3),
(176, 49, 51, '2020-11-29 22:16:24', '2020-11-29 22:16:34', 7),
(177, 49, 52, '2020-11-29 22:16:38', '2020-11-29 22:16:42', 0),
(178, 49, 53, '2020-11-29 22:16:46', '2020-11-29 22:16:58', 3),
(179, 49, 54, '2020-11-29 22:17:02', '2020-11-29 22:17:07', 5),
(180, 49, 55, '2020-11-29 22:17:11', '2020-11-29 22:17:16', 3),
(181, 49, 56, '2020-11-29 22:17:22', '2020-11-29 22:17:27', 6),
(182, 49, 57, '2020-11-29 22:17:33', '2020-11-29 22:17:41', 3),
(183, 49, 58, '2020-11-29 22:17:46', '2020-11-29 22:17:52', 4),
(184, 49, 59, '2020-11-29 22:17:58', '2020-11-29 22:18:06', 7),
(185, 50, 59, '2020-11-29 22:18:32', '2020-11-29 22:18:40', 7),
(186, 50, 60, '2020-11-29 22:18:44', '2020-11-29 22:18:50', 5),
(187, 50, 62, '2020-11-29 22:18:56', '2020-11-29 22:19:00', 0),
(188, 50, 64, '2020-11-29 22:19:32', '2020-11-29 22:19:35', 3),
(189, 50, 65, '2020-11-29 22:19:41', '2020-11-29 22:19:47', 6),
(190, 50, 66, '2020-11-29 22:19:50', '2020-11-29 22:19:56', 2),
(191, 50, 67, '2020-11-29 22:20:09', '2020-11-29 22:20:12', 1),
(192, 51, 67, '2020-11-29 22:20:44', '2020-11-29 22:20:47', 1),
(193, 51, 68, '2020-11-29 22:20:51', '2020-11-29 22:20:58', 5),
(194, 51, 89, '2020-11-29 22:21:02', '2020-11-29 22:21:07', 4),
(195, 51, 69, '2020-11-29 22:21:12', '2020-11-29 22:21:16', 0),
(196, 51, 70, '2020-11-29 22:21:25', '2020-11-29 22:21:28', 4),
(197, 51, 71, '2020-11-29 22:21:35', '2020-11-29 22:21:39', 0),
(198, 52, 72, '2020-11-29 22:21:55', '2020-11-29 22:22:04', 6),
(199, 52, 73, '2020-11-29 22:22:08', '2020-11-29 22:22:11', 8),
(200, 52, 74, '2020-11-29 22:22:19', '2020-11-29 22:22:25', 2),
(201, 52, 75, '2020-11-29 22:22:31', '2020-11-29 22:22:35', 2),
(202, 52, 76, '2020-11-29 22:22:43', '2020-11-29 22:22:50', 2),
(203, 52, 77, '2020-11-29 22:22:54', '2020-11-29 22:23:01', 2),
(204, 52, 78, '2020-11-29 22:23:05', '2020-11-29 22:23:18', 4),
(205, 52, 79, '2020-11-29 22:23:21', '2020-11-29 22:23:29', 2),
(206, 52, 80, '2020-11-29 22:23:34', '2020-11-29 22:23:39', 5),
(207, 52, 81, '2020-11-29 22:23:51', '2020-11-29 22:23:55', 4),
(208, 52, 82, '2020-11-29 22:24:00', '2020-11-29 22:24:06', 6),
(209, 52, 83, '2020-11-29 22:24:11', '2020-11-29 22:24:15', 7),
(210, 52, 84, '2020-11-29 22:24:19', '2020-11-29 22:24:24', 4),
(211, 52, 85, '2020-11-29 22:24:31', '2020-11-29 22:24:38', 5),
(212, 52, 86, '2020-11-29 22:24:47', '2020-11-29 22:24:52', 6),
(213, 52, 87, '2020-11-29 22:24:58', '2020-11-29 22:25:02', 0),
(214, 52, 88, '2020-11-29 22:25:06', '2020-11-29 22:25:13', 6),
(215, 52, 89, '2020-11-29 22:25:25', '2020-11-29 22:25:33', 6),
(216, 52, 90, '2020-11-29 22:25:39', '2020-11-29 22:25:41', 2),
(217, 53, 91, '2020-11-29 22:26:01', '2020-11-29 22:26:05', 1),
(218, 53, 92, '2020-11-29 22:26:10', '2020-11-29 22:26:21', 1),
(219, 53, 93, '2020-11-29 22:26:28', '2020-11-29 22:26:34', 4),
(220, 53, 94, '2020-11-29 22:26:42', '2020-11-29 22:26:46', 2),
(221, 53, 95, '2020-11-29 22:26:50', '2020-11-29 22:26:53', 3),
(222, 53, 96, '2020-11-29 22:26:57', '2020-11-29 22:27:04', 4),
(223, 53, 97, '2020-11-29 22:27:09', '2020-11-29 22:27:12', 3),
(224, 53, 98, '2020-11-29 22:27:16', '2020-11-29 22:27:20', 3),
(225, 53, 99, '2020-11-29 22:27:24', '2020-11-29 22:27:28', 3),
(226, 53, 100, '2020-11-29 22:27:33', '2020-11-29 22:27:37', 4),
(227, 54, 14, '2020-11-29 22:27:55', '2020-11-29 22:28:00', 2),
(228, 54, 41, '2020-11-29 22:28:05', '2020-11-29 22:28:08', 0),
(229, 54, 24, '2020-11-29 22:28:12', '2020-11-29 22:28:16', 4),
(230, 54, 18, '2020-11-29 22:28:21', '2020-11-29 22:28:26', 0),
(231, 54, 91, '2020-11-29 22:28:34', '2020-11-29 22:28:37', 3),
(232, 55, 88, '2020-11-29 22:28:53', '2020-11-29 22:28:56', 0),
(233, 55, 71, '2020-11-29 22:29:02', '2020-11-29 22:29:05', 0),
(234, 55, 51, '2020-11-29 22:29:10', '2020-11-29 22:29:17', 7),
(235, 55, 87, '2020-11-29 22:29:22', '2020-11-29 22:29:24', 1),
(236, 55, 90, '2020-11-29 22:29:28', '2020-11-29 22:29:31', 2),
(237, 55, 57, '2020-11-29 22:29:35', '2020-11-29 22:29:40', 0),
(238, 56, 96, '2020-11-29 22:30:00', '2020-11-29 22:30:06', 6),
(239, 56, 48, '2020-11-29 22:30:11', '2020-11-29 22:30:14', 2),
(240, 56, 29, '2020-11-29 22:30:20', '2020-11-29 22:30:24', 4),
(241, 56, 22, '2020-11-29 22:30:28', '2020-11-29 22:30:31', 0),
(242, 56, 66, '2020-11-29 22:30:35', '2020-11-29 22:30:40', 3),
(243, 57, 97, '2020-11-29 22:31:07', '2020-11-29 22:31:13', 3),
(244, 57, 39, '2020-11-29 22:31:21', '2020-11-29 22:31:23', 0),
(245, 57, 36, '2020-11-29 22:31:30', '2020-11-29 22:31:34', 0),
(246, 57, 35, '2020-11-29 22:31:42', '2020-11-29 22:31:46', 3),
(247, 57, 100, '2020-11-29 22:31:50', '2020-11-29 22:31:53', 4),
(248, 58, 49, '2020-11-29 22:32:14', '2020-11-29 22:32:17', 6),
(249, 58, 57, '2020-11-29 22:32:21', '2020-11-29 22:32:24', 0),
(250, 58, 52, '2020-11-29 22:32:28', '2020-11-29 22:32:32', 3),
(251, 58, 96, '2020-11-29 22:32:37', '2020-11-29 22:32:42', 6),
(252, 58, 34, '2020-11-29 22:32:47', '2020-11-29 22:32:50', 2),
(253, 59, 88, '2020-11-29 22:33:07', '2020-11-29 22:33:12', 6),
(254, 59, 45, '2020-11-29 22:33:16', '2020-11-29 22:33:20', 0),
(255, 59, 2, '2020-11-29 22:33:24', '2020-11-29 22:33:40', 4),
(256, 59, 71, '2020-11-29 22:33:51', '2020-11-29 22:33:55', 3),
(257, 59, 24, '2020-11-29 22:33:59', '2020-11-29 22:34:02', 4),
(258, 60, 11, '2020-11-29 22:34:25', '2020-11-29 22:34:30', 5),
(259, 60, 1, '2020-11-29 22:34:34', '2020-11-29 22:34:44', 2),
(260, 60, 89, '2020-11-29 22:34:48', '2020-11-29 22:34:54', 6),
(261, 60, 87, '2020-11-29 22:34:58', '2020-11-29 22:35:01', 0),
(262, 60, 19, '2020-11-29 22:35:05', '2020-11-29 22:35:12', 8),
(263, 61, 41, '2020-11-29 22:35:45', '2020-11-29 22:35:49', 0),
(264, 61, 96, '2020-11-29 22:36:01', '2020-11-29 22:36:05', 6),
(265, 61, 99, '2020-11-29 22:36:10', '2020-11-29 22:36:12', 3),
(266, 61, 55, '2020-11-29 22:36:19', '2020-11-29 22:36:24', 0),
(267, 61, 20, '2020-11-29 22:36:30', '2020-11-29 22:36:37', 2),
(268, 62, 31, '2020-11-29 22:36:56', '2020-11-29 22:36:59', 1),
(269, 62, 54, '2020-11-29 22:37:04', '2020-11-29 22:37:07', 2),
(270, 62, 41, '2020-11-29 22:37:12', '2020-11-29 22:37:15', 0),
(271, 62, 5, '2020-11-29 22:37:20', '2020-11-29 22:37:29', 7),
(272, 62, 28, '2020-11-29 22:37:34', '2020-11-29 22:37:38', 9),
(273, 63, 16, '2020-11-29 22:38:03', '2020-11-29 22:38:06', 0),
(274, 63, 38, '2020-11-29 22:38:13', '2020-11-29 22:38:18', 1),
(275, 63, 28, '2020-11-29 22:38:22', '2020-11-29 22:38:26', 9),
(276, 63, 45, '2020-11-29 22:38:31', '2020-11-29 22:38:35', 0),
(277, 63, 20, '2020-11-29 22:38:40', '2020-11-29 22:38:46', 0),
(278, 64, 14, '2020-11-29 22:39:05', '2020-11-29 22:39:10', 4),
(279, 64, 44, '2020-11-29 22:39:18', '2020-11-29 22:39:23', 8),
(280, 64, 35, '2020-11-29 22:39:29', '2020-11-29 22:39:34', 6),
(281, 64, 89, '2020-11-29 22:39:38', '2020-11-29 22:39:46', 6),
(282, 64, 85, '2020-11-29 22:39:57', '2020-11-29 22:40:00', 5),
(283, 65, 96, '2020-11-29 22:40:23', '2020-11-29 22:40:31', 6),
(284, 65, 83, '2020-11-29 22:40:35', '2020-11-29 22:40:40', 7),
(285, 65, 66, '2020-11-29 22:40:49', '2020-11-29 22:40:58', 6),
(286, 65, 100, '2020-11-29 22:41:02', '2020-11-29 22:41:05', 4),
(287, 65, 18, '2020-11-29 22:41:09', '2020-11-29 22:41:14', 9),
(288, 66, 86, '2020-11-29 22:41:36', '2020-11-29 22:41:40', 6),
(289, 66, 15, '2020-11-29 22:41:45', '2020-11-29 22:41:52', 0),
(290, 66, 44, '2020-11-29 22:41:57', '2020-11-29 22:42:00', 0),
(291, 66, 65, '2020-11-29 22:42:05', '2020-11-29 22:42:09', 5),
(292, 67, 12, '2020-11-29 22:42:28', '2020-11-29 22:42:34', 7),
(293, 67, 61, '2020-11-29 22:42:45', '2020-11-29 22:42:48', 0),
(294, 67, 65, '2020-11-29 22:42:52', '2020-11-29 22:42:58', 5),
(295, 67, 29, '2020-11-29 22:43:03', '2020-11-29 22:43:06', 4),
(296, 67, 57, '2020-11-29 22:43:11', '2020-11-29 22:43:18', 3),
(297, 68, 33, '2020-11-29 22:43:39', '2020-11-29 22:43:43', 2),
(298, 68, 20, '2020-11-29 22:43:49', '2020-11-29 22:43:52', 2),
(299, 68, 45, '2020-11-29 22:44:39', '2020-11-29 22:44:43', 4),
(300, 68, 31, '2020-11-29 22:44:47', '2020-11-29 22:44:53', 3),
(301, 68, 25, '2020-11-29 22:44:57', '2020-11-29 22:45:05', 2),
(302, 69, 80, '2020-11-29 22:45:39', '2020-11-29 22:45:42', 5),
(303, 69, 26, '2020-11-29 22:45:46', '2020-11-29 22:45:52', 2),
(304, 69, 32, '2020-11-29 22:45:57', '2020-11-29 22:46:02', 4),
(305, 69, 88, '2020-11-29 22:46:05', '2020-11-29 22:46:09', 0),
(306, 69, 8, '2020-11-29 22:46:14', '2020-11-29 22:46:19', 1),
(307, 70, 31, '2020-11-29 22:46:38', '2020-11-29 22:46:41', 1),
(308, 70, 49, '2020-11-29 22:46:45', '2020-11-29 22:46:48', 6),
(309, 70, 26, '2020-11-29 22:46:52', '2020-11-29 22:46:57', 2),
(310, 70, 44, '2020-11-29 22:47:07', '2020-11-29 22:47:10', 8),
(311, 70, 46, '2020-11-29 22:47:16', '2020-11-29 22:47:20', 2),
(312, 71, 43, '2020-11-29 22:47:37', '2020-11-29 22:47:40', 3),
(313, 71, 86, '2020-11-29 22:47:45', '2020-11-29 22:47:49', 6),
(314, 71, 15, '2020-11-29 22:47:55', '2020-11-29 22:48:12', 2),
(315, 71, 40, '2020-11-29 22:48:17', '2020-11-29 22:48:20', 0),
(316, 71, 49, '2020-11-29 22:48:26', '2020-11-29 22:48:29', 6),
(317, 72, 44, '2020-11-29 22:48:49', '2020-11-29 22:48:52', 12),
(318, 72, 48, '2020-11-29 22:48:59', '2020-11-29 22:49:03', 2),
(319, 72, 31, '2020-11-29 22:49:08', '2020-11-29 22:49:12', 3),
(320, 72, 49, '2020-11-29 22:49:17', '2020-11-29 22:49:20', 6),
(321, 72, 88, '2020-11-29 22:49:24', '2020-11-29 22:49:28', 5),
(322, 73, 100, '2020-11-29 22:49:56', '2020-11-29 22:49:59', 4),
(323, 73, 84, '2020-11-29 22:50:06', '2020-11-29 22:50:09', 4),
(324, 73, 68, '2020-11-29 22:50:14', '2020-11-29 22:50:17', 5),
(325, 73, 24, '2020-11-29 22:50:21', '2020-11-29 22:50:26', 5),
(326, 73, 59, '2020-11-29 22:50:32', '2020-11-29 22:50:37', 4),
(327, 74, 13, '2020-11-29 22:51:07', '2020-11-29 22:51:12', 10),
(328, 74, 85, '2020-11-29 22:51:18', '2020-11-29 22:51:20', 5),
(329, 74, 28, '2020-11-29 22:51:25', '2020-11-29 22:51:30', 9),
(330, 74, 25, '2020-11-29 22:51:36', '2020-11-29 22:51:41', 2),
(331, 74, 40, '2020-11-29 22:51:46', '2020-11-29 22:51:51', 2),
(332, 75, 14, '2020-11-29 22:52:08', '2020-11-29 22:52:16', 12),
(333, 75, 90, '2020-11-29 22:52:21', '2020-11-29 22:52:23', 2),
(334, 75, 18, '2020-11-29 22:52:27', '2020-11-29 22:52:34', 9),
(335, 75, 73, '2020-11-29 22:52:38', '2020-11-29 22:52:40', 8),
(336, 75, 43, '2020-11-29 22:52:45', '2020-11-29 22:52:48', 1),
(337, 76, 14, '2020-11-29 22:53:06', '2020-11-29 22:53:12', 9),
(338, 76, 90, '2020-11-29 22:53:16', '2020-11-29 22:53:18', 4),
(339, 76, 18, '2020-11-29 22:53:22', '2020-11-29 22:53:27', 6),
(340, 76, 49, '2020-11-29 22:53:31', '2020-11-29 22:53:35', 6),
(341, 76, 35, '2020-11-29 22:53:40', '2020-11-29 22:53:43', 6),
(342, 77, 69, '2020-11-29 22:54:05', '2020-11-29 22:54:13', 1),
(343, 77, 28, '2020-11-29 22:54:18', '2020-11-29 22:54:22', 9),
(344, 77, 47, '2020-11-29 22:54:29', '2020-11-29 22:54:31', 0),
(345, 77, 97, '2020-11-29 22:54:39', '2020-11-29 22:54:41', 3),
(346, 77, 88, '2020-11-29 22:54:46', '2020-11-29 22:54:50', 5),
(347, 78, 96, '2020-11-29 22:55:19', '2020-11-29 22:55:26', 6),
(348, 78, 11, '2020-11-29 22:55:30', '2020-11-29 22:55:34', 0),
(349, 78, 71, '2020-11-29 22:55:40', '2020-11-29 22:55:43', 0),
(350, 78, 45, '2020-11-29 22:55:46', '2020-11-29 22:55:49', 4),
(351, 78, 27, '2020-11-29 22:55:56', '2020-11-29 22:56:04', 8),
(352, 79, 15, '2020-11-29 22:56:24', '2020-11-29 22:56:33', 2),
(353, 79, 85, '2020-11-29 22:56:39', '2020-11-29 22:56:41', 5),
(354, 79, 31, '2020-11-29 22:56:45', '2020-11-29 22:56:48', 2),
(355, 79, 48, '2020-11-29 22:56:54', '2020-11-29 22:56:56', 2),
(356, 79, 93, '2020-11-29 22:57:00', '2020-11-29 22:57:04', 4),
(357, 80, 29, '2020-11-29 22:57:29', '2020-11-29 22:57:32', 2),
(358, 80, 41, '2020-11-29 22:57:39', '2020-11-29 22:57:42', 3),
(359, 80, 56, '2020-11-29 22:57:49', '2020-11-29 22:57:54', 6),
(360, 80, 33, '2020-11-29 22:57:59', '2020-11-29 22:58:01', 2),
(361, 80, 3, '2020-11-29 22:58:06', '2020-11-29 22:58:23', 9),
(362, 81, 24, '2020-11-29 22:58:44', '2020-11-29 22:58:49', 0),
(363, 81, 72, '2020-11-29 22:58:54', '2020-11-29 22:58:57', 0),
(364, 81, 32, '2020-11-29 22:59:03', '2020-11-29 22:59:05', 4),
(365, 81, 84, '2020-11-29 22:59:13', '2020-11-29 22:59:15', 4),
(366, 81, 42, '2020-11-29 22:59:21', '2020-11-29 22:59:26', 6),
(367, 82, 11, '2020-11-29 22:59:46', '2020-11-29 22:59:51', 0),
(368, 82, 27, '2020-11-29 22:59:56', '2020-11-29 23:00:02', 6),
(369, 82, 37, '2020-11-29 23:00:08', '2020-11-29 23:00:10', 0),
(370, 82, 84, '2020-11-29 23:00:15', '2020-11-29 23:00:18', 3),
(371, 82, 22, '2020-11-29 23:00:25', '2020-11-29 23:00:29', 0),
(372, 83, 27, '2020-11-29 23:00:48', '2020-11-29 23:00:53', 8),
(373, 83, 55, '2020-11-29 23:01:02', '2020-11-29 23:01:07', 4),
(374, 83, 12, '2020-11-29 23:01:13', '2020-11-29 23:01:18', 3),
(375, 83, 33, '2020-11-29 23:01:23', '2020-11-29 23:01:27', 2),
(376, 83, 91, '2020-11-29 23:01:33', '2020-11-29 23:01:37', 3),
(377, 84, 28, '2020-11-29 23:01:58', '2020-11-29 23:02:01', 9),
(378, 84, 12, '2020-11-29 23:02:07', '2020-11-29 23:02:13', 2),
(379, 84, 70, '2020-11-29 23:02:19', '2020-11-29 23:02:22', 2),
(380, 84, 22, '2020-11-29 23:02:27', '2020-11-29 23:02:30', 0),
(381, 84, 57, '2020-11-29 23:02:34', '2020-11-29 23:02:37', 0),
(382, 85, 68, '2020-11-29 23:02:57', '2020-11-29 23:03:00', 5),
(383, 85, 71, '2020-11-29 23:03:05', '2020-11-29 23:03:09', 3),
(384, 85, 89, '2020-11-29 23:03:15', '2020-11-29 23:03:19', 3),
(385, 85, 13, '2020-11-29 23:03:25', '2020-11-29 23:03:33', 15),
(386, 85, 24, '2020-11-29 23:03:42', '2020-11-29 23:03:45', 0),
(387, 86, 63, '2020-11-29 23:04:01', '2020-11-29 23:04:04', 5),
(388, 86, 56, '2020-11-29 23:04:08', '2020-11-29 23:04:12', 3),
(389, 86, 30, '2020-11-29 23:04:18', '2020-11-29 23:04:20', 1),
(390, 86, 67, '2020-11-29 23:04:25', '2020-11-29 23:04:27', 3),
(391, 86, 19, '2020-11-29 23:04:32', '2020-11-29 23:04:36', 3),
(392, 87, 45, '2020-11-29 23:04:58', '2020-11-29 23:05:01', 4),
(393, 87, 21, '2020-11-29 23:05:08', '2020-11-29 23:05:11', 2),
(394, 87, 64, '2020-11-29 23:05:16', '2020-11-29 23:05:20', 3),
(395, 87, 3, '2020-11-29 23:05:24', '2020-11-29 23:05:28', 0),
(396, 87, 88, '2020-11-29 23:05:33', '2020-11-29 23:05:36', 4),
(397, 88, 31, '2020-11-29 23:05:52', '2020-11-29 23:05:56', 2),
(398, 88, 60, '2020-11-29 23:06:01', '2020-11-29 23:06:05', 5),
(399, 88, 92, '2020-11-29 23:06:09', '2020-11-29 23:06:13', 3),
(400, 88, 50, '2020-11-29 23:06:20', '2020-11-29 23:06:25', 3),
(401, 88, 91, '2020-11-29 23:06:30', '2020-11-29 23:06:33', 3),
(402, 89, 97, '2020-11-29 23:06:49', '2020-11-29 23:06:53', 1),
(403, 89, 4, '2020-11-29 23:07:02', '2020-11-29 23:07:07', 2),
(404, 89, 12, '2020-11-29 23:07:14', '2020-11-29 23:07:22', 1),
(405, 89, 3, '2020-11-29 23:07:27', '2020-11-29 23:07:29', 0),
(406, 89, 19, '2020-11-29 23:07:34', '2020-11-29 23:07:38', 5),
(407, 90, 100, '2020-11-29 23:07:55', '2020-11-29 23:07:57', 4),
(408, 90, 42, '2020-11-29 23:08:03', '2020-11-29 23:08:09', 6),
(409, 90, 49, '2020-11-29 23:08:13', '2020-11-29 23:08:15', 0),
(410, 90, 91, '2020-11-29 23:08:20', '2020-11-29 23:08:21', 0),
(411, 90, 22, '2020-11-29 23:08:25', '2020-11-29 23:08:28', 2),
(412, 91, 86, '2020-11-29 23:08:44', '2020-11-29 23:08:48', 6),
(413, 91, 90, '2020-11-29 23:08:52', '2020-11-29 23:08:55', 2),
(414, 91, 39, '2020-11-29 23:09:01', '2020-11-29 23:09:02', 0),
(415, 91, 41, '2020-11-29 23:09:07', '2020-11-29 23:09:09', 6),
(416, 91, 73, '2020-11-29 23:09:15', '2020-11-29 23:09:16', 4),
(417, 92, 13, '2020-11-29 23:09:37', '2020-11-29 23:09:43', 10),
(418, 92, 24, '2020-11-29 23:09:47', '2020-11-29 23:09:51', 4),
(419, 92, 46, '2020-11-29 23:09:55', '2020-11-29 23:09:59', 2),
(420, 92, 49, '2020-11-29 23:10:03', '2020-11-29 23:10:05', 6),
(421, 92, 63, '2020-11-29 23:10:10', '2020-11-29 23:10:12', 5),
(422, 93, 31, '2020-11-29 23:10:32', '2020-11-29 23:10:36', 1),
(423, 93, 49, '2020-11-29 23:10:48', '2020-11-29 23:10:50', 6),
(424, 93, 34, '2020-11-29 23:10:53', '2020-11-29 23:10:55', 1),
(425, 93, 19, '2020-11-29 23:11:00', '2020-11-29 23:11:04', 0),
(426, 93, 18, '2020-11-29 23:11:08', '2020-11-29 23:11:13', 13),
(427, 94, 88, '2020-11-29 23:11:31', '2020-11-29 23:11:35', 4),
(428, 94, 52, '2020-11-29 23:11:40', '2020-11-29 23:11:43', 2),
(429, 94, 29, '2020-11-29 23:11:47', '2020-11-29 23:11:51', 2),
(430, 94, 45, '2020-11-29 23:11:55', '2020-11-29 23:11:59', 4),
(431, 94, 24, '2020-11-29 23:12:04', '2020-11-29 23:12:08', 0),
(432, 95, 100, '2020-11-29 23:12:24', '2020-11-29 23:12:26', 2),
(433, 95, 34, '2020-11-29 23:12:31', '2020-11-29 23:12:34', 2),
(434, 95, 53, '2020-11-29 23:12:38', '2020-11-29 23:12:41', 0),
(435, 95, 40, '2020-11-29 23:12:46', '2020-11-29 23:12:48', 0),
(436, 95, 3, '2020-11-29 23:12:53', '2020-11-29 23:12:56', 0),
(437, 96, 96, '2020-11-29 23:13:16', '2020-11-29 23:13:20', 6),
(438, 96, 99, '2020-11-29 23:13:24', '2020-11-29 23:13:26', 3),
(439, 96, 20, '2020-11-29 23:13:31', '2020-11-29 23:13:34', 2),
(440, 96, 8, '2020-11-29 23:13:38', '2020-11-29 23:13:43', 0),
(441, 96, 63, '2020-11-29 23:13:47', '2020-11-29 23:13:49', 2),
(442, 97, 31, '2020-11-29 23:14:07', '2020-11-29 23:14:10', 0),
(443, 97, 8, '2020-11-29 23:14:14', '2020-11-29 23:14:19', 0),
(444, 97, 58, '2020-11-29 23:14:23', '2020-11-29 23:14:27', 0),
(445, 97, 63, '2020-11-29 23:14:31', '2020-11-29 23:14:35', 5),
(446, 97, 19, '2020-11-29 23:14:39', '2020-11-29 23:14:43', 5),
(447, 98, 43, '2020-11-29 23:15:02', '2020-11-29 23:15:05', 2),
(448, 98, 18, '2020-11-29 23:15:10', '2020-11-29 23:15:15', 10),
(449, 98, 73, '2020-11-29 23:15:20', '2020-11-29 23:15:22', 4),
(450, 98, 31, '2020-11-29 23:15:26', '2020-11-29 23:15:29', 1),
(451, 98, 17, '2020-11-29 23:15:33', '2020-11-29 23:15:36', 3),
(452, 99, 45, '2020-11-29 23:15:53', '2020-11-29 23:15:57', 8),
(453, 99, 58, '2020-11-29 23:16:02', '2020-11-29 23:16:04', 6),
(454, 99, 2, '2020-11-29 23:16:11', '2020-11-29 23:16:24', 6),
(455, 99, 4, '2020-11-29 23:16:29', '2020-11-29 23:16:34', 1),
(456, 99, 51, '2020-11-29 23:16:39', '2020-11-29 23:16:45', 6),
(457, 100, 100, '2020-11-29 23:17:05', '2020-11-29 23:17:08', 2),
(458, 100, 31, '2020-11-29 23:17:12', '2020-11-29 23:17:15', 3),
(459, 100, 91, '2020-11-29 23:17:27', '2020-11-29 23:17:30', 3),
(460, 100, 11, '2020-11-29 23:17:34', '2020-11-29 23:17:39', 3),
(461, 100, 18, '2020-11-29 23:17:43', '2020-11-29 23:17:48', 9),
(462, 53, 80, '2020-11-29 23:18:34', '2020-11-29 23:18:37', 5),
(463, 53, 83, '2020-11-29 23:18:49', '2020-11-29 23:18:52', 7),
(464, 53, 10, '2020-11-29 23:19:00', '2020-11-29 23:19:12', 10),
(465, 53, 81, '2020-11-29 23:19:21', '2020-11-29 23:19:24', 4),
(466, 53, 82, '2020-11-29 23:19:32', '2020-11-29 23:19:35', 6),
(467, 53, 6, '2020-11-29 23:19:43', '2020-11-29 23:19:57', 5),
(468, 53, 60, '2020-11-29 23:20:07', '2020-11-29 23:20:11', 5),
(469, 64, 80, '2020-11-29 23:21:45', '2020-11-29 23:21:48', 5),
(470, 64, 81, '2020-11-29 23:21:54', '2020-11-29 23:21:57', 4),
(471, 64, 63, '2020-11-29 23:22:02', '2020-11-29 23:22:04', 5),
(472, 48, 63, '2020-11-29 23:22:34', '2020-11-29 23:22:37', 5),
(473, 48, 80, '2020-11-29 23:22:43', '2020-11-29 23:22:46', 5),
(474, 48, 83, '2020-11-29 23:22:54', '2020-11-29 23:22:57', 7),
(475, 48, 10, '2020-11-29 23:23:03', '2020-11-29 23:23:10', 10),
(476, 47, 80, '2020-11-29 23:23:59', '2020-11-29 23:24:01', 5),
(477, 47, 83, '2020-11-29 23:24:08', '2020-11-29 23:24:11', 7),
(478, 61, 80, '2020-11-29 23:24:31', '2020-11-29 23:24:35', 5),
(479, 61, 83, '2020-11-29 23:24:41', '2020-11-29 23:24:44', 7),
(480, 61, 81, '2020-11-29 23:24:55', '2020-11-29 23:25:00', 4),
(481, 61, 82, '2020-11-29 23:25:07', '2020-11-29 23:25:10', 6);


COMMIT;
